Question_ID,Transaction_ID,Project_Name,Asset_Class,Country,Deal_Stage,Deal_Type,Question_Theme,Question_Text,Question_Date,Management_Response,Preparedness_Status,Follow_Up_Required,Follow_Up_Action,Final_Resolution,Approval_Outcome,Severity,Frequency_Score,Source_Document,Source_Page,Synthetic_Flag
ICQ-0001,HIST_SOL_001,Siam Sun I,Solar PV,Thailand,Late-stage development,Majority acquisition,Merchant exposure,What proportion of revenue is contracted versus merchant-exposed?,2022-02-01,"Management provided quantified evidence, supporting diligence and a clear mitigation.",Fully addressed,No,None,Closed before approval,Approved with conditions,High,0.62,HIST_SOL_001_IC_Minutes.pdf,2,Yes
ICQ-0002,HIST_SOL_001,Siam Sun I,Solar PV,Thailand,Late-stage development,Majority acquisition,Merchant price curve,How does the investment case compare with an independent merchant price curve?,2022-02-18,Management provided a narrative response but key evidence or sensitivity remained outstanding.,Partially addressed,Yes,Provide supporting evidence and update the IC pack.,Closed with approval condition,Approved with conditions,High,0.69,HIST_SOL_001_IC_Minutes.pdf,3,Yes
ICQ-0003,HIST_SOL_001,Siam Sun I,Solar PV,Thailand,Late-stage development,Majority acquisition,Revenue assumptions,What are the principal drivers of revenue growth and which are management-controlled?,2022-03-07,No adequate response was included in the submitted pack.,Not addressed,Yes,Provide supporting evidence and update the IC pack.,Closed with approval condition,Approved with conditions,Medium,0.76,HIST_SOL_001_IC_Minutes.pdf,4,Yes
ICQ-0004,HIST_SOL_001,Siam Sun I,Solar PV,Thailand,Late-stage development,Majority acquisition,PPA / offtake,"What termination, indexation and change-in-law provisions apply under the PPA?",2022-03-24,"Management provided quantified evidence, supporting diligence and a clear mitigation.",Fully addressed,No,None,Closed before approval,Approved with conditions,High,0.83,HIST_SOL_001_IC_Minutes.pdf,5,Yes
ICQ-0005,HIST_SOL_001,Siam Sun I,Solar PV,Thailand,Late-stage development,Majority acquisition,Offtaker credit,What is the offtaker credit profile and what payment-security package is available?,2022-04-10,Management provided a narrative response but key evidence or sensitivity remained outstanding.,Partially addressed,Yes,Provide supporting evidence and update the IC pack.,Closed with approval condition,Approved with conditions,High,0.9,HIST_SOL_001_IC_Minutes.pdf,6,Yes
ICQ-0006,HIST_SOL_001,Siam Sun I,Solar PV,Thailand,Late-stage development,Majority acquisition,IRR bridge,What explains the movement from the seller case to the management case?,2022-04-27,No adequate response was included in the submitted pack.,Not addressed,Yes,Provide supporting evidence and update the IC pack.,Closed with approval condition,Approved with conditions,High,0.57,HIST_SOL_001_IC_Minutes.pdf,7,Yes
ICQ-0007,HIST_SOL_001,Siam Sun I,Solar PV,Thailand,Late-stage development,Majority acquisition,Valuation,How does EV/MW and EV/EBITDA compare with relevant transactions and public benchmarks?,2022-05-14,"Management provided quantified evidence, supporting diligence and a clear mitigation.",Fully addressed,No,None,Closed before approval,Approved with conditions,High,0.64,HIST_SOL_001_IC_Minutes.pdf,8,Yes
ICQ-0008,HIST_SOL_001,Siam Sun I,Solar PV,Thailand,Late-stage development,Majority acquisition,Leverage,Is the proposed leverage appropriate for the development stage and revenue certainty?,2022-05-31,Management provided a narrative response but key evidence or sensitivity remained outstanding.,Partially addressed,Yes,Provide supporting evidence and update the IC pack.,Closed with approval condition,Approved with conditions,High,0.71,HIST_SOL_001_IC_Minutes.pdf,9,Yes
ICQ-0009,HIST_SOL_001,Siam Sun I,Solar PV,Thailand,Late-stage development,Majority acquisition,DSCR,What happens to minimum DSCR under the key downside scenarios?,2022-06-17,No adequate response was included in the submitted pack.,Not addressed,Yes,Provide supporting evidence and update the IC pack.,Closed with approval condition,Approved with conditions,High,0.78,HIST_SOL_001_IC_Minutes.pdf,10,Yes
ICQ-0010,HIST_SOL_001,Siam Sun I,Solar PV,Thailand,Late-stage development,Majority acquisition,Construction risk,Is EPC contingency adequate and is the EPC contract fixed-price and date-certain?,2022-07-04,"Management provided quantified evidence, supporting diligence and a clear mitigation.",Fully addressed,No,None,Closed before approval,Approved with conditions,High,0.85,HIST_SOL_001_IC_Minutes.pdf,11,Yes
ICQ-0011,HIST_SOLB_002,Deccan Hybrid,Solar PV + BESS,India,Construction,Minority investment,Offtaker credit,What is the offtaker credit profile and what payment-security package is available?,2022-07-21,Management provided a narrative response but key evidence or sensitivity remained outstanding.,Partially addressed,Yes,Provide supporting evidence and update the IC pack.,Closed with approval condition,Approved,High,0.92,HIST_SOLB_002_IC_Minutes.pdf,12,Yes
ICQ-0012,HIST_SOLB_002,Deccan Hybrid,Solar PV + BESS,India,Construction,Minority investment,IRR bridge,What explains the movement from the seller case to the management case?,2022-08-07,No adequate response was included in the submitted pack.,Not addressed,Yes,Provide supporting evidence and update the IC pack.,Closed with approval condition,Approved,High,0.59,HIST_SOLB_002_IC_Minutes.pdf,1,Yes
ICQ-0013,HIST_SOLB_002,Deccan Hybrid,Solar PV + BESS,India,Construction,Minority investment,Valuation,How does EV/MW and EV/EBITDA compare with relevant transactions and public benchmarks?,2022-08-24,"Management provided quantified evidence, supporting diligence and a clear mitigation.",Fully addressed,No,None,Closed before approval,Approved,High,0.66,HIST_SOLB_002_IC_Minutes.pdf,2,Yes
ICQ-0014,HIST_SOLB_002,Deccan Hybrid,Solar PV + BESS,India,Construction,Minority investment,Leverage,Is the proposed leverage appropriate for the development stage and revenue certainty?,2022-09-10,Management provided a narrative response but key evidence or sensitivity remained outstanding.,Partially addressed,Yes,Provide supporting evidence and update the IC pack.,Closed with approval condition,Approved,High,0.73,HIST_SOLB_002_IC_Minutes.pdf,3,Yes
ICQ-0015,HIST_SOLB_002,Deccan Hybrid,Solar PV + BESS,India,Construction,Minority investment,DSCR,What happens to minimum DSCR under the key downside scenarios?,2022-09-27,No adequate response was included in the submitted pack.,Not addressed,Yes,Provide supporting evidence and update the IC pack.,Closed with approval condition,Approved,High,0.8,HIST_SOLB_002_IC_Minutes.pdf,4,Yes
ICQ-0016,HIST_SOLB_002,Deccan Hybrid,Solar PV + BESS,India,Construction,Minority investment,Construction risk,Is EPC contingency adequate and is the EPC contract fixed-price and date-certain?,2022-10-14,"Management provided quantified evidence, supporting diligence and a clear mitigation.",Fully addressed,No,None,Closed before approval,Approved,High,0.87,HIST_SOLB_002_IC_Minutes.pdf,5,Yes
ICQ-0017,HIST_SOLB_002,Deccan Hybrid,Solar PV + BESS,India,Construction,Minority investment,Schedule,What is the critical path to COD and which permits remain outstanding?,2022-10-31,Management provided a narrative response but key evidence or sensitivity remained outstanding.,Partially addressed,Yes,Provide supporting evidence and update the IC pack.,Closed with approval condition,Approved,High,0.94,HIST_SOLB_002_IC_Minutes.pdf,6,Yes
ICQ-0018,HIST_SOLB_002,Deccan Hybrid,Solar PV + BESS,India,Construction,Minority investment,Grid,Is the grid-connection agreement executed and are reinforcement costs capped?,2022-11-17,No adequate response was included in the submitted pack.,Not addressed,Yes,Provide supporting evidence and update the IC pack.,Closed with approval condition,Approved,High,0.61,HIST_SOLB_002_IC_Minutes.pdf,7,Yes
ICQ-0019,HIST_SOLB_002,Deccan Hybrid,Solar PV + BESS,India,Construction,Minority investment,Curtailment,Has curtailment been independently assessed and stress-tested?,2022-12-04,"Management provided quantified evidence, supporting diligence and a clear mitigation.",Fully addressed,No,None,Closed before approval,Approved,High,0.68,HIST_SOLB_002_IC_Minutes.pdf,8,Yes
ICQ-0020,HIST_SOLB_002,Deccan Hybrid,Solar PV + BESS,India,Construction,Minority investment,Resource risk,Is the solar resource assessment independently validated and based on bankable data?,2022-12-21,Management provided a narrative response but key evidence or sensitivity remained outstanding.,Partially addressed,Yes,Provide supporting evidence and update the IC pack.,Closed with approval condition,Approved,Medium,0.75,HIST_SOLB_002_IC_Minutes.pdf,9,Yes
ICQ-0021,HIST_SOL_003,Nile Solar,Solar PV,Egypt,Operating,Majority acquisition,DSCR,What happens to minimum DSCR under the key downside scenarios?,2023-01-07,No adequate response was included in the submitted pack.,Not addressed,Yes,Provide supporting evidence and update the IC pack.,Closed with approval condition,Approved,High,0.82,HIST_SOL_003_IC_Minutes.pdf,10,Yes
ICQ-0022,HIST_SOL_003,Nile Solar,Solar PV,Egypt,Operating,Majority acquisition,Construction risk,Is EPC contingency adequate and is the EPC contract fixed-price and date-certain?,2023-01-24,"Management provided quantified evidence, supporting diligence and a clear mitigation.",Fully addressed,No,None,Closed before approval,Approved,High,0.89,HIST_SOL_003_IC_Minutes.pdf,11,Yes
ICQ-0023,HIST_SOL_003,Nile Solar,Solar PV,Egypt,Operating,Majority acquisition,Schedule,What is the critical path to COD and which permits remain outstanding?,2023-02-10,Management provided a narrative response but key evidence or sensitivity remained outstanding.,Partially addressed,Yes,Provide supporting evidence and update the IC pack.,Closed with approval condition,Approved,High,0.56,HIST_SOL_003_IC_Minutes.pdf,12,Yes
ICQ-0024,HIST_SOL_003,Nile Solar,Solar PV,Egypt,Operating,Majority acquisition,Grid,Is the grid-connection agreement executed and are reinforcement costs capped?,2023-02-27,No adequate response was included in the submitted pack.,Not addressed,Yes,Provide supporting evidence and update the IC pack.,Closed with approval condition,Approved,High,0.63,HIST_SOL_003_IC_Minutes.pdf,1,Yes
ICQ-0025,HIST_SOL_003,Nile Solar,Solar PV,Egypt,Operating,Majority acquisition,Curtailment,Has curtailment been independently assessed and stress-tested?,2023-03-16,"Management provided quantified evidence, supporting diligence and a clear mitigation.",Fully addressed,No,None,Closed before approval,Approved,High,0.7,HIST_SOL_003_IC_Minutes.pdf,2,Yes
ICQ-0026,HIST_SOL_003,Nile Solar,Solar PV,Egypt,Operating,Majority acquisition,Resource risk,Is the solar resource assessment independently validated and based on bankable data?,2023-04-02,Management provided a narrative response but key evidence or sensitivity remained outstanding.,Partially addressed,Yes,Provide supporting evidence and update the IC pack.,Closed with approval condition,Approved,Medium,0.77,HIST_SOL_003_IC_Minutes.pdf,3,Yes
ICQ-0027,HIST_SOL_003,Nile Solar,Solar PV,Egypt,Operating,Majority acquisition,Technology risk,"Are module, inverter and BESS technologies proven in similar operating conditions?",2023-04-19,No adequate response was included in the submitted pack.,Not addressed,Yes,Provide supporting evidence and update the IC pack.,Closed with approval condition,Approved,Medium,0.84,HIST_SOL_003_IC_Minutes.pdf,4,Yes
ICQ-0028,HIST_SOL_003,Nile Solar,Solar PV,Egypt,Operating,Majority acquisition,BESS degradation,"Are degradation, cycle-life and augmentation assumptions clearly modelled?",2023-05-06,"Management provided quantified evidence, supporting diligence and a clear mitigation.",Fully addressed,No,None,Closed before approval,Approved,High,0.91,HIST_SOL_003_IC_Minutes.pdf,5,Yes
ICQ-0029,HIST_SOL_003,Nile Solar,Solar PV,Egypt,Operating,Majority acquisition,BESS revenue stack,Which BESS revenues are contracted and which rely on merchant ancillary markets?,2023-05-23,Management provided a narrative response but key evidence or sensitivity remained outstanding.,Partially addressed,Yes,Provide supporting evidence and update the IC pack.,Closed with approval condition,Approved,High,0.58,HIST_SOL_003_IC_Minutes.pdf,6,Yes
ICQ-0030,HIST_SOL_003,Nile Solar,Solar PV,Egypt,Operating,Majority acquisition,Land,Are land rights fully secured for the PPA and debt tenor plus extension period?,2023-06-09,No adequate response was included in the submitted pack.,Not addressed,Yes,Provide supporting evidence and update the IC pack.,Closed with approval condition,Approved,High,0.65,HIST_SOL_003_IC_Minutes.pdf,7,Yes
ICQ-0031,HIST_SOLB_004,Kalahari Storage Solar,Solar PV + BESS,South Africa,Development,Platform investment,Curtailment,Has curtailment been independently assessed and stress-tested?,2023-06-26,"Management provided quantified evidence, supporting diligence and a clear mitigation.",Fully addressed,No,None,Closed before approval,Deferred,High,0.72,HIST_SOLB_004_IC_Minutes.pdf,8,Yes
ICQ-0032,HIST_SOLB_004,Kalahari Storage Solar,Solar PV + BESS,South Africa,Development,Platform investment,Resource risk,Is the solar resource assessment independently validated and based on bankable data?,2023-07-13,Management provided a narrative response but key evidence or sensitivity remained outstanding.,Partially addressed,Yes,Provide supporting evidence and update the IC pack.,Closed with approval condition,Deferred,Medium,0.79,HIST_SOLB_004_IC_Minutes.pdf,9,Yes
ICQ-0033,HIST_SOLB_004,Kalahari Storage Solar,Solar PV + BESS,South Africa,Development,Platform investment,Technology risk,"Are module, inverter and BESS technologies proven in similar operating conditions?",2023-07-30,No adequate response was included in the submitted pack.,Not addressed,Yes,Provide supporting evidence and update the IC pack.,Closed with approval condition,Deferred,Medium,0.86,HIST_SOLB_004_IC_Minutes.pdf,10,Yes
ICQ-0034,HIST_SOLB_004,Kalahari Storage Solar,Solar PV + BESS,South Africa,Development,Platform investment,BESS degradation,"Are degradation, cycle-life and augmentation assumptions clearly modelled?",2023-08-16,"Management provided quantified evidence, supporting diligence and a clear mitigation.",Fully addressed,No,None,Closed before approval,Deferred,High,0.93,HIST_SOLB_004_IC_Minutes.pdf,11,Yes
ICQ-0035,HIST_SOLB_004,Kalahari Storage Solar,Solar PV + BESS,South Africa,Development,Platform investment,BESS revenue stack,Which BESS revenues are contracted and which rely on merchant ancillary markets?,2023-09-02,Management provided a narrative response but key evidence or sensitivity remained outstanding.,Partially addressed,Yes,Provide supporting evidence and update the IC pack.,Closed with approval condition,Deferred,High,0.6,HIST_SOLB_004_IC_Minutes.pdf,12,Yes
ICQ-0036,HIST_SOLB_004,Kalahari Storage Solar,Solar PV + BESS,South Africa,Development,Platform investment,Land,Are land rights fully secured for the PPA and debt tenor plus extension period?,2023-09-19,No adequate response was included in the submitted pack.,Not addressed,Yes,Provide supporting evidence and update the IC pack.,Closed with approval condition,Deferred,High,0.67,HIST_SOLB_004_IC_Minutes.pdf,1,Yes
ICQ-0037,HIST_SOLB_004,Kalahari Storage Solar,Solar PV + BESS,South Africa,Development,Platform investment,Permitting,"Are environmental, construction and operating permits complete and transferable?",2023-10-06,"Management provided quantified evidence, supporting diligence and a clear mitigation.",Fully addressed,No,None,Closed before approval,Deferred,High,0.74,HIST_SOLB_004_IC_Minutes.pdf,2,Yes
ICQ-0038,HIST_SOLB_004,Kalahari Storage Solar,Solar PV + BESS,South Africa,Development,Platform investment,ESG,"What community, biodiversity and livelihood risks remain open?",2023-10-23,Management provided a narrative response but key evidence or sensitivity remained outstanding.,Partially addressed,Yes,Provide supporting evidence and update the IC pack.,Closed with approval condition,Deferred,Medium,0.81,HIST_SOLB_004_IC_Minutes.pdf,3,Yes
ICQ-0039,HIST_SOLB_004,Kalahari Storage Solar,Solar PV + BESS,South Africa,Development,Platform investment,FX,"Are revenue, debt and capex currencies matched or hedged?",2023-11-09,No adequate response was included in the submitted pack.,Not addressed,Yes,Provide supporting evidence and update the IC pack.,Closed with approval condition,Deferred,High,0.88,HIST_SOLB_004_IC_Minutes.pdf,4,Yes
ICQ-0040,HIST_SOLB_004,Kalahari Storage Solar,Solar PV + BESS,South Africa,Development,Platform investment,Inflation,Which revenue and cost lines are indexed and what basis is used?,2023-11-26,"Management provided quantified evidence, supporting diligence and a clear mitigation.",Fully addressed,No,None,Closed before approval,Deferred,Medium,0.55,HIST_SOLB_004_IC_Minutes.pdf,5,Yes
ICQ-0041,HIST_FLOAT_005,Mekong Float,Floating solar,Vietnam,Development,Greenfield equity,BESS revenue stack,Which BESS revenues are contracted and which rely on merchant ancillary markets?,2023-12-13,Management provided a narrative response but key evidence or sensitivity remained outstanding.,Partially addressed,Yes,Provide supporting evidence and update the IC pack.,Unresolved,Rejected,High,0.62,HIST_FLOAT_005_IC_Minutes.pdf,6,Yes
ICQ-0042,HIST_FLOAT_005,Mekong Float,Floating solar,Vietnam,Development,Greenfield equity,Land,Are land rights fully secured for the PPA and debt tenor plus extension period?,2023-12-30,No adequate response was included in the submitted pack.,Not addressed,Yes,Provide supporting evidence and update the IC pack.,Unresolved,Rejected,High,0.69,HIST_FLOAT_005_IC_Minutes.pdf,7,Yes
ICQ-0043,HIST_FLOAT_005,Mekong Float,Floating solar,Vietnam,Development,Greenfield equity,Permitting,"Are environmental, construction and operating permits complete and transferable?",2024-01-16,"Management provided quantified evidence, supporting diligence and a clear mitigation.",Fully addressed,No,None,Closed before approval,Rejected,High,0.76,HIST_FLOAT_005_IC_Minutes.pdf,8,Yes
ICQ-0044,HIST_FLOAT_005,Mekong Float,Floating solar,Vietnam,Development,Greenfield equity,ESG,"What community, biodiversity and livelihood risks remain open?",2024-02-02,Management provided a narrative response but key evidence or sensitivity remained outstanding.,Partially addressed,Yes,Provide supporting evidence and update the IC pack.,Unresolved,Rejected,Medium,0.83,HIST_FLOAT_005_IC_Minutes.pdf,9,Yes
ICQ-0045,HIST_FLOAT_005,Mekong Float,Floating solar,Vietnam,Development,Greenfield equity,FX,"Are revenue, debt and capex currencies matched or hedged?",2024-02-19,No adequate response was included in the submitted pack.,Not addressed,Yes,Provide supporting evidence and update the IC pack.,Unresolved,Rejected,High,0.9,HIST_FLOAT_005_IC_Minutes.pdf,10,Yes
ICQ-0046,HIST_FLOAT_005,Mekong Float,Floating solar,Vietnam,Development,Greenfield equity,Inflation,Which revenue and cost lines are indexed and what basis is used?,2024-03-07,"Management provided quantified evidence, supporting diligence and a clear mitigation.",Fully addressed,No,None,Closed before approval,Rejected,Medium,0.57,HIST_FLOAT_005_IC_Minutes.pdf,11,Yes
ICQ-0047,HIST_FLOAT_005,Mekong Float,Floating solar,Vietnam,Development,Greenfield equity,Interest rate,What proportion of debt is fixed or hedged and what is the downside sensitivity?,2024-03-24,Management provided a narrative response but key evidence or sensitivity remained outstanding.,Partially addressed,Yes,Provide supporting evidence and update the IC pack.,Unresolved,Rejected,Medium,0.64,HIST_FLOAT_005_IC_Minutes.pdf,12,Yes
ICQ-0048,HIST_FLOAT_005,Mekong Float,Floating solar,Vietnam,Development,Greenfield equity,Tax,Are tax assumptions supported by external advice and are incentives secure?,2024-04-10,No adequate response was included in the submitted pack.,Not addressed,Yes,Provide supporting evidence and update the IC pack.,Unresolved,Rejected,Medium,0.71,HIST_FLOAT_005_IC_Minutes.pdf,1,Yes
ICQ-0049,HIST_FLOAT_005,Mekong Float,Floating solar,Vietnam,Development,Greenfield equity,Accounting,"What are the consolidation, purchase-price allocation and impairment implications?",2024-04-27,"Management provided quantified evidence, supporting diligence and a clear mitigation.",Fully addressed,No,None,Closed before approval,Rejected,Medium,0.78,HIST_FLOAT_005_IC_Minutes.pdf,2,Yes
ICQ-0050,HIST_FLOAT_005,Mekong Float,Floating solar,Vietnam,Development,Greenfield equity,Governance,Do the shareholder arrangements provide effective control and reserved-matter protections?,2024-05-14,Management provided a narrative response but key evidence or sensitivity remained outstanding.,Partially addressed,Yes,Provide supporting evidence and update the IC pack.,Unresolved,Rejected,High,0.85,HIST_FLOAT_005_IC_Minutes.pdf,3,Yes
ICQ-0051,HIST_WIND_006,Atlas Wind,Onshore wind,Morocco,Operating,Majority acquisition,FX,"Are revenue, debt and capex currencies matched or hedged?",2024-05-31,No adequate response was included in the submitted pack.,Not addressed,Yes,Provide supporting evidence and update the IC pack.,Closed with approval condition,Approved,High,0.92,HIST_WIND_006_IC_Minutes.pdf,4,Yes
ICQ-0052,HIST_WIND_006,Atlas Wind,Onshore wind,Morocco,Operating,Majority acquisition,Inflation,Which revenue and cost lines are indexed and what basis is used?,2024-06-17,"Management provided quantified evidence, supporting diligence and a clear mitigation.",Fully addressed,No,None,Closed before approval,Approved,Medium,0.59,HIST_WIND_006_IC_Minutes.pdf,5,Yes
ICQ-0053,HIST_WIND_006,Atlas Wind,Onshore wind,Morocco,Operating,Majority acquisition,Interest rate,What proportion of debt is fixed or hedged and what is the downside sensitivity?,2024-07-04,Management provided a narrative response but key evidence or sensitivity remained outstanding.,Partially addressed,Yes,Provide supporting evidence and update the IC pack.,Closed with approval condition,Approved,Medium,0.66,HIST_WIND_006_IC_Minutes.pdf,6,Yes
ICQ-0054,HIST_WIND_006,Atlas Wind,Onshore wind,Morocco,Operating,Majority acquisition,Tax,Are tax assumptions supported by external advice and are incentives secure?,2024-07-21,No adequate response was included in the submitted pack.,Not addressed,Yes,Provide supporting evidence and update the IC pack.,Closed with approval condition,Approved,Medium,0.73,HIST_WIND_006_IC_Minutes.pdf,7,Yes
ICQ-0055,HIST_WIND_006,Atlas Wind,Onshore wind,Morocco,Operating,Majority acquisition,Accounting,"What are the consolidation, purchase-price allocation and impairment implications?",2024-08-07,"Management provided quantified evidence, supporting diligence and a clear mitigation.",Fully addressed,No,None,Closed before approval,Approved,Medium,0.8,HIST_WIND_006_IC_Minutes.pdf,8,Yes
ICQ-0056,HIST_WIND_006,Atlas Wind,Onshore wind,Morocco,Operating,Majority acquisition,Governance,Do the shareholder arrangements provide effective control and reserved-matter protections?,2024-08-24,Management provided a narrative response but key evidence or sensitivity remained outstanding.,Partially addressed,Yes,Provide supporting evidence and update the IC pack.,Closed with approval condition,Approved,High,0.87,HIST_WIND_006_IC_Minutes.pdf,9,Yes
ICQ-0057,HIST_WIND_006,Atlas Wind,Onshore wind,Morocco,Operating,Majority acquisition,Minority protection,What protections apply if the group does not own 100%?,2024-09-10,No adequate response was included in the submitted pack.,Not addressed,Yes,Provide supporting evidence and update the IC pack.,Closed with approval condition,Approved,Medium,0.94,HIST_WIND_006_IC_Minutes.pdf,10,Yes
ICQ-0058,HIST_WIND_006,Atlas Wind,Onshore wind,Morocco,Operating,Majority acquisition,Exit,What are the realistic exit routes and terminal-value assumptions?,2024-09-27,"Management provided quantified evidence, supporting diligence and a clear mitigation.",Fully addressed,No,None,Closed before approval,Approved,Medium,0.61,HIST_WIND_006_IC_Minutes.pdf,11,Yes
ICQ-0059,HIST_WIND_006,Atlas Wind,Onshore wind,Morocco,Operating,Majority acquisition,Counterparty,"What are the EPC, O&M and key supplier counterparty exposures?",2024-10-14,Management provided a narrative response but key evidence or sensitivity remained outstanding.,Partially addressed,Yes,Provide supporting evidence and update the IC pack.,Closed with approval condition,Approved,High,0.68,HIST_WIND_006_IC_Minutes.pdf,12,Yes
ICQ-0060,HIST_WIND_006,Atlas Wind,Onshore wind,Morocco,Operating,Majority acquisition,Supply chain,Are module and battery supply-chain risks adequately mitigated?,2024-10-31,No adequate response was included in the submitted pack.,Not addressed,Yes,Provide supporting evidence and update the IC pack.,Closed with approval condition,Approved,Medium,0.75,HIST_WIND_006_IC_Minutes.pdf,1,Yes
ICQ-0061,HIST_SOL_007,Desert Ray,Solar PV,UAE,Construction,Platform add-on,Accounting,"What are the consolidation, purchase-price allocation and impairment implications?",2024-11-17,"Management provided quantified evidence, supporting diligence and a clear mitigation.",Fully addressed,No,None,Closed before approval,Approved with conditions,Medium,0.82,HIST_SOL_007_IC_Minutes.pdf,2,Yes
ICQ-0062,HIST_SOL_007,Desert Ray,Solar PV,UAE,Construction,Platform add-on,Governance,Do the shareholder arrangements provide effective control and reserved-matter protections?,2024-12-04,Management provided a narrative response but key evidence or sensitivity remained outstanding.,Partially addressed,Yes,Provide supporting evidence and update the IC pack.,Closed with approval condition,Approved with conditions,High,0.89,HIST_SOL_007_IC_Minutes.pdf,3,Yes
ICQ-0063,HIST_SOL_007,Desert Ray,Solar PV,UAE,Construction,Platform add-on,Minority protection,What protections apply if the group does not own 100%?,2024-12-21,No adequate response was included in the submitted pack.,Not addressed,Yes,Provide supporting evidence and update the IC pack.,Closed with approval condition,Approved with conditions,Medium,0.56,HIST_SOL_007_IC_Minutes.pdf,4,Yes
ICQ-0064,HIST_SOL_007,Desert Ray,Solar PV,UAE,Construction,Platform add-on,Exit,What are the realistic exit routes and terminal-value assumptions?,2025-01-07,"Management provided quantified evidence, supporting diligence and a clear mitigation.",Fully addressed,No,None,Closed before approval,Approved with conditions,Medium,0.63,HIST_SOL_007_IC_Minutes.pdf,5,Yes
ICQ-0065,HIST_SOL_007,Desert Ray,Solar PV,UAE,Construction,Platform add-on,Counterparty,"What are the EPC, O&M and key supplier counterparty exposures?",2025-01-24,Management provided a narrative response but key evidence or sensitivity remained outstanding.,Partially addressed,Yes,Provide supporting evidence and update the IC pack.,Closed with approval condition,Approved with conditions,High,0.7,HIST_SOL_007_IC_Minutes.pdf,6,Yes
ICQ-0066,HIST_SOL_007,Desert Ray,Solar PV,UAE,Construction,Platform add-on,Supply chain,Are module and battery supply-chain risks adequately mitigated?,2025-02-10,No adequate response was included in the submitted pack.,Not addressed,Yes,Provide supporting evidence and update the IC pack.,Closed with approval condition,Approved with conditions,Medium,0.77,HIST_SOL_007_IC_Minutes.pdf,7,Yes
ICQ-0067,HIST_SOL_007,Desert Ray,Solar PV,UAE,Construction,Platform add-on,Insurance,"Are delay-in-start-up, natural catastrophe and battery fire risks insured?",2025-02-27,"Management provided quantified evidence, supporting diligence and a clear mitigation.",Fully addressed,No,None,Closed before approval,Approved with conditions,Medium,0.84,HIST_SOL_007_IC_Minutes.pdf,8,Yes
ICQ-0068,HIST_SOL_007,Desert Ray,Solar PV,UAE,Construction,Platform add-on,Cybersecurity,"Are plant-control, EMS and remote-access cybersecurity risks covered?",2025-03-16,Management provided a narrative response but key evidence or sensitivity remained outstanding.,Partially addressed,Yes,Provide supporting evidence and update the IC pack.,Closed with approval condition,Approved with conditions,Medium,0.91,HIST_SOL_007_IC_Minutes.pdf,9,Yes
ICQ-0069,HIST_SOL_007,Desert Ray,Solar PV,UAE,Construction,Platform add-on,Decommissioning,Are decommissioning and battery-disposal obligations funded?,2025-04-02,No adequate response was included in the submitted pack.,Not addressed,Yes,Provide supporting evidence and update the IC pack.,Closed with approval condition,Approved with conditions,Medium,0.58,HIST_SOL_007_IC_Minutes.pdf,10,Yes
ICQ-0070,HIST_SOL_007,Desert Ray,Solar PV,UAE,Construction,Platform add-on,Strategic fit,How does the transaction advance target technology and geography priorities?,2025-04-19,"Management provided quantified evidence, supporting diligence and a clear mitigation.",Fully addressed,No,None,Closed before approval,Approved with conditions,High,0.65,HIST_SOL_007_IC_Minutes.pdf,11,Yes
ICQ-0071,HIST_BESS_008,MetroGrid BESS,Standalone BESS,Thailand,Development,Greenfield equity,Counterparty,"What are the EPC, O&M and key supplier counterparty exposures?",2025-05-06,Management provided a narrative response but key evidence or sensitivity remained outstanding.,Partially addressed,Yes,Provide supporting evidence and update the IC pack.,Closed with approval condition,Deferred,High,0.72,HIST_BESS_008_IC_Minutes.pdf,12,Yes
ICQ-0072,HIST_BESS_008,MetroGrid BESS,Standalone BESS,Thailand,Development,Greenfield equity,Supply chain,Are module and battery supply-chain risks adequately mitigated?,2025-05-23,No adequate response was included in the submitted pack.,Not addressed,Yes,Provide supporting evidence and update the IC pack.,Closed with approval condition,Deferred,Medium,0.79,HIST_BESS_008_IC_Minutes.pdf,1,Yes
ICQ-0073,HIST_BESS_008,MetroGrid BESS,Standalone BESS,Thailand,Development,Greenfield equity,Insurance,"Are delay-in-start-up, natural catastrophe and battery fire risks insured?",2025-06-09,"Management provided quantified evidence, supporting diligence and a clear mitigation.",Fully addressed,No,None,Closed before approval,Deferred,Medium,0.86,HIST_BESS_008_IC_Minutes.pdf,2,Yes
ICQ-0074,HIST_BESS_008,MetroGrid BESS,Standalone BESS,Thailand,Development,Greenfield equity,Cybersecurity,"Are plant-control, EMS and remote-access cybersecurity risks covered?",2025-06-26,Management provided a narrative response but key evidence or sensitivity remained outstanding.,Partially addressed,Yes,Provide supporting evidence and update the IC pack.,Closed with approval condition,Deferred,Medium,0.93,HIST_BESS_008_IC_Minutes.pdf,3,Yes
ICQ-0075,HIST_BESS_008,MetroGrid BESS,Standalone BESS,Thailand,Development,Greenfield equity,Decommissioning,Are decommissioning and battery-disposal obligations funded?,2025-07-13,No adequate response was included in the submitted pack.,Not addressed,Yes,Provide supporting evidence and update the IC pack.,Closed with approval condition,Deferred,Medium,0.6,HIST_BESS_008_IC_Minutes.pdf,4,Yes
ICQ-0076,HIST_BESS_008,MetroGrid BESS,Standalone BESS,Thailand,Development,Greenfield equity,Strategic fit,How does the transaction advance target technology and geography priorities?,2025-07-30,"Management provided quantified evidence, supporting diligence and a clear mitigation.",Fully addressed,No,None,Closed before approval,Deferred,High,0.67,HIST_BESS_008_IC_Minutes.pdf,5,Yes
ICQ-0077,HIST_BESS_008,MetroGrid BESS,Standalone BESS,Thailand,Development,Greenfield equity,Portfolio concentration,"What concentration does the investment create by country, technology and counterparty?",2025-08-16,Management provided a narrative response but key evidence or sensitivity remained outstanding.,Partially addressed,Yes,Provide supporting evidence and update the IC pack.,Closed with approval condition,Deferred,Medium,0.74,HIST_BESS_008_IC_Minutes.pdf,6,Yes
ICQ-0078,HIST_BESS_008,MetroGrid BESS,Standalone BESS,Thailand,Development,Greenfield equity,Capital allocation,Does the return exceed the hurdle rate after country and development risk adjustments?,2025-09-02,No adequate response was included in the submitted pack.,Not addressed,Yes,Provide supporting evidence and update the IC pack.,Closed with approval condition,Deferred,High,0.81,HIST_BESS_008_IC_Minutes.pdf,7,Yes
ICQ-0079,HIST_BESS_008,MetroGrid BESS,Standalone BESS,Thailand,Development,Greenfield equity,Downside protection,What contractual or structural protections preserve value under downside scenarios?,2025-09-19,"Management provided quantified evidence, supporting diligence and a clear mitigation.",Fully addressed,No,None,Closed before approval,Deferred,High,0.88,HIST_BESS_008_IC_Minutes.pdf,8,Yes
ICQ-0080,HIST_BESS_008,MetroGrid BESS,Standalone BESS,Thailand,Development,Greenfield equity,Sensitivity,Has a combined downside case been run rather than only single-variable sensitivities?,2025-10-06,Management provided a narrative response but key evidence or sensitivity remained outstanding.,Partially addressed,Yes,Provide supporting evidence and update the IC pack.,Closed with approval condition,Deferred,High,0.55,HIST_BESS_008_IC_Minutes.pdf,9,Yes
ICQ-0081,HIST_SOL_009,Andes Solar,Solar PV,Chile,Operating,Minority investment,Decommissioning,Are decommissioning and battery-disposal obligations funded?,2025-10-23,No adequate response was included in the submitted pack.,Not addressed,Yes,Provide supporting evidence and update the IC pack.,Closed with approval condition,Approved,Medium,0.62,HIST_SOL_009_IC_Minutes.pdf,10,Yes
ICQ-0082,HIST_SOL_009,Andes Solar,Solar PV,Chile,Operating,Minority investment,Strategic fit,How does the transaction advance target technology and geography priorities?,2025-11-09,"Management provided quantified evidence, supporting diligence and a clear mitigation.",Fully addressed,No,None,Closed before approval,Approved,High,0.69,HIST_SOL_009_IC_Minutes.pdf,11,Yes
ICQ-0083,HIST_SOL_009,Andes Solar,Solar PV,Chile,Operating,Minority investment,Portfolio concentration,"What concentration does the investment create by country, technology and counterparty?",2025-11-26,Management provided a narrative response but key evidence or sensitivity remained outstanding.,Partially addressed,Yes,Provide supporting evidence and update the IC pack.,Closed with approval condition,Approved,Medium,0.76,HIST_SOL_009_IC_Minutes.pdf,12,Yes
ICQ-0084,HIST_SOL_009,Andes Solar,Solar PV,Chile,Operating,Minority investment,Capital allocation,Does the return exceed the hurdle rate after country and development risk adjustments?,2025-12-13,No adequate response was included in the submitted pack.,Not addressed,Yes,Provide supporting evidence and update the IC pack.,Closed with approval condition,Approved,High,0.83,HIST_SOL_009_IC_Minutes.pdf,1,Yes
ICQ-0085,HIST_SOL_009,Andes Solar,Solar PV,Chile,Operating,Minority investment,Downside protection,What contractual or structural protections preserve value under downside scenarios?,2025-12-30,"Management provided quantified evidence, supporting diligence and a clear mitigation.",Fully addressed,No,None,Closed before approval,Approved,High,0.9,HIST_SOL_009_IC_Minutes.pdf,2,Yes
ICQ-0086,HIST_SOL_009,Andes Solar,Solar PV,Chile,Operating,Minority investment,Sensitivity,Has a combined downside case been run rather than only single-variable sensitivities?,2022-01-27,Management provided a narrative response but key evidence or sensitivity remained outstanding.,Partially addressed,Yes,Provide supporting evidence and update the IC pack.,Closed with approval condition,Approved,High,0.57,HIST_SOL_009_IC_Minutes.pdf,3,Yes
ICQ-0087,HIST_SOL_009,Andes Solar,Solar PV,Chile,Operating,Minority investment,Seller assumptions,Which seller assumptions were rejected or adjusted during diligence?,2022-02-13,No adequate response was included in the submitted pack.,Not addressed,Yes,Provide supporting evidence and update the IC pack.,Closed with approval condition,Approved,High,0.64,HIST_SOL_009_IC_Minutes.pdf,4,Yes
ICQ-0088,HIST_SOL_009,Andes Solar,Solar PV,Chile,Operating,Minority investment,Operating performance,"How do availability, degradation and O&M assumptions compare with operating peers?",2022-03-02,"Management provided quantified evidence, supporting diligence and a clear mitigation.",Fully addressed,No,None,Closed before approval,Approved,Medium,0.71,HIST_SOL_009_IC_Minutes.pdf,5,Yes
ICQ-0089,HIST_SOL_009,Andes Solar,Solar PV,Chile,Operating,Minority investment,Merchant exposure,What proportion of revenue is contracted versus merchant-exposed?,2022-03-19,Management provided a narrative response but key evidence or sensitivity remained outstanding.,Partially addressed,Yes,Provide supporting evidence and update the IC pack.,Closed with approval condition,Approved,High,0.78,HIST_SOL_009_IC_Minutes.pdf,6,Yes
ICQ-0090,HIST_SOL_009,Andes Solar,Solar PV,Chile,Operating,Minority investment,Merchant price curve,How does the investment case compare with an independent merchant price curve?,2022-04-05,No adequate response was included in the submitted pack.,Not addressed,Yes,Provide supporting evidence and update the IC pack.,Closed with approval condition,Approved,High,0.85,HIST_SOL_009_IC_Minutes.pdf,7,Yes
ICQ-0091,HIST_SOLB_010,Lotus Flex,Solar PV + BESS,Thailand,Late-stage development,Majority acquisition,Downside protection,What contractual or structural protections preserve value under downside scenarios?,2022-04-22,"Management provided quantified evidence, supporting diligence and a clear mitigation.",Fully addressed,No,None,Closed before approval,Approved with conditions,High,0.92,HIST_SOLB_010_IC_Minutes.pdf,8,Yes
ICQ-0092,HIST_SOLB_010,Lotus Flex,Solar PV + BESS,Thailand,Late-stage development,Majority acquisition,Sensitivity,Has a combined downside case been run rather than only single-variable sensitivities?,2022-05-09,Management provided a narrative response but key evidence or sensitivity remained outstanding.,Partially addressed,Yes,Provide supporting evidence and update the IC pack.,Closed with approval condition,Approved with conditions,High,0.59,HIST_SOLB_010_IC_Minutes.pdf,9,Yes
ICQ-0093,HIST_SOLB_010,Lotus Flex,Solar PV + BESS,Thailand,Late-stage development,Majority acquisition,Seller assumptions,Which seller assumptions were rejected or adjusted during diligence?,2022-05-26,No adequate response was included in the submitted pack.,Not addressed,Yes,Provide supporting evidence and update the IC pack.,Closed with approval condition,Approved with conditions,High,0.66,HIST_SOLB_010_IC_Minutes.pdf,10,Yes
ICQ-0094,HIST_SOLB_010,Lotus Flex,Solar PV + BESS,Thailand,Late-stage development,Majority acquisition,Operating performance,"How do availability, degradation and O&M assumptions compare with operating peers?",2022-06-12,"Management provided quantified evidence, supporting diligence and a clear mitigation.",Fully addressed,No,None,Closed before approval,Approved with conditions,Medium,0.73,HIST_SOLB_010_IC_Minutes.pdf,11,Yes
ICQ-0095,HIST_SOLB_010,Lotus Flex,Solar PV + BESS,Thailand,Late-stage development,Majority acquisition,Merchant exposure,What proportion of revenue is contracted versus merchant-exposed?,2022-06-29,Management provided a narrative response but key evidence or sensitivity remained outstanding.,Partially addressed,Yes,Provide supporting evidence and update the IC pack.,Closed with approval condition,Approved with conditions,High,0.8,HIST_SOLB_010_IC_Minutes.pdf,12,Yes
ICQ-0096,HIST_SOLB_010,Lotus Flex,Solar PV + BESS,Thailand,Late-stage development,Majority acquisition,Merchant price curve,How does the investment case compare with an independent merchant price curve?,2022-07-16,No adequate response was included in the submitted pack.,Not addressed,Yes,Provide supporting evidence and update the IC pack.,Closed with approval condition,Approved with conditions,High,0.87,HIST_SOLB_010_IC_Minutes.pdf,1,Yes
ICQ-0097,HIST_SOLB_010,Lotus Flex,Solar PV + BESS,Thailand,Late-stage development,Majority acquisition,Revenue assumptions,What are the principal drivers of revenue growth and which are management-controlled?,2022-08-02,"Management provided quantified evidence, supporting diligence and a clear mitigation.",Fully addressed,No,None,Closed before approval,Approved with conditions,Medium,0.94,HIST_SOLB_010_IC_Minutes.pdf,2,Yes
ICQ-0098,HIST_SOLB_010,Lotus Flex,Solar PV + BESS,Thailand,Late-stage development,Majority acquisition,PPA / offtake,"What termination, indexation and change-in-law provisions apply under the PPA?",2022-08-19,Management provided a narrative response but key evidence or sensitivity remained outstanding.,Partially addressed,Yes,Provide supporting evidence and update the IC pack.,Closed with approval condition,Approved with conditions,High,0.61,HIST_SOLB_010_IC_Minutes.pdf,3,Yes
ICQ-0099,HIST_SOLB_010,Lotus Flex,Solar PV + BESS,Thailand,Late-stage development,Majority acquisition,Offtaker credit,What is the offtaker credit profile and what payment-security package is available?,2022-09-05,No adequate response was included in the submitted pack.,Not addressed,Yes,Provide supporting evidence and update the IC pack.,Closed with approval condition,Approved with conditions,High,0.68,HIST_SOLB_010_IC_Minutes.pdf,4,Yes
ICQ-0100,HIST_SOLB_010,Lotus Flex,Solar PV + BESS,Thailand,Late-stage development,Majority acquisition,IRR bridge,What explains the movement from the seller case to the management case?,2022-09-22,"Management provided quantified evidence, supporting diligence and a clear mitigation.",Fully addressed,No,None,Closed before approval,Approved with conditions,High,0.75,HIST_SOLB_010_IC_Minutes.pdf,5,Yes
