Transaction_ID,Document_ID,Project_Name,Section,Assumption_Name,Case,Year,Value,Unit,Basis_or_Commentary,Source_Note,RAG_Test_Flag
TXN_ADDC_001,ADDC-DOC-001,Project Barq,Project description,"ADDC / TAQA Distribution smart grid, feeder automation and smart metering capex programme",Base,2026-2029,Digital distribution platform + AMI + feeder automation,text,Synthetic investment case for Abu Dhabi Central and Al Dhafra distribution network,Public context only: https://www.addc.ae/en-US/home/pages/AboutUs.aspx,
TXN_ADDC_001,ADDC-DOC-001,Project Barq,Governance,Sponsor / asset owner,Base,2026,Abu Dhabi Distribution Company legacy operations within TAQA Distribution,text,Synthetic governance assumption referencing public corporate context,Public context only: https://taqadistribution.com/,
TXN_ADDC_001,ADDC-DOC-001,Project Barq,Timing,FID date,Base,2026,2026-09-30,date,Financial close and main contractor award targeted after IC approval,Synthetic management case,
TXN_ADDC_001,ADDC-DOC-001,Project Barq,Timing,Commercial operation date,Base,2028,2028-06-30,date,CSV assumes June 2028 completion; IC deck states Q3 2028,Synthetic management case,CROSS_DOC_VARIANCE_COD
TXN_ADDC_001,ADDC-DOC-001,Project Barq,Scope,Smart meters installed,Base,2029,455000,meters,AMI replacement and incremental connections across priority districts,Synthetic engineering estimate,CROSS_DOC_VARIANCE_SMART_METERS
TXN_ADDC_001,ADDC-DOC-001,Project Barq,Scope,Feeder automation points,Base,2029,128,feeders,"Primary distribution feeders upgraded with automation, switching and monitoring",Synthetic engineering estimate,
TXN_ADDC_001,ADDC-DOC-001,Project Barq,Scope,Water telemetry districts,Base,2029,23,district metered areas,Non-revenue water analytics and pressure management instrumentation,Synthetic engineering estimate,
TXN_ADDC_001,ADDC-DOC-001,Project Barq,Financial returns,Total programme capex,Base,2026-2029,1145,AED million,CSV base case capex; IC deck states AED 1.18bn; benchmark note states AED 1.16bn,Synthetic financial model,CROSS_DOC_VARIANCE_CAPEX
TXN_ADDC_001,ADDC-DOC-001,Project Barq,Financial returns,Project IRR,Base,2026-2045,13.9,%,Unlevered nominal project IRR before financing effects,Synthetic financial model,CROSS_DOC_VARIANCE_IRR
TXN_ADDC_001,ADDC-DOC-001,Project Barq,Financial returns,Equity IRR,Base,2026-2045,12.8,%,Equity IRR after 60% debt financing,Synthetic financial model,
TXN_ADDC_001,ADDC-DOC-001,Project Barq,Financial returns,NPV @ 8.0%,Base,2026-2045,221,AED million,"NPV based on avoided losses, allowed return uplift and operating savings",Synthetic financial model,CROSS_DOC_VARIANCE_NPV
TXN_ADDC_001,ADDC-DOC-001,Project Barq,Financial returns,Payback period,Base,2026-2045,8.4,years,Simple payback from incremental regulated cash flows and opex savings,Synthetic financial model,
TXN_ADDC_001,ADDC-DOC-001,Project Barq,Financing,Debt share of capex,Base,2026-2029,60,%,Assumed corporate or project-level debt funding,Synthetic financing assumption,
TXN_ADDC_001,ADDC-DOC-001,Project Barq,Financing,Cost of debt,Base,2026-2045,5.6,%,Nominal AED debt cost before fees,Synthetic financing assumption,
TXN_ADDC_001,ADDC-DOC-001,Project Barq,Regulatory,Allowed return on invested capital,Base,2026-2045,7.2,%,Assumed regulatory allowed return for incremental approved asset base,Synthetic regulatory assumption,
TXN_ADDC_001,ADDC-DOC-001,Project Barq,Regulatory,Cost pass-through recovery lag,Base,2026-2045,12,months,Timing lag between approved capex and tariff / revenue recovery,Synthetic regulatory assumption,
TXN_ADDC_001,ADDC-DOC-001,Project Barq,Operating performance,SAIDI reduction,Base,2029,18,%,Expected reduction in average interruption duration,Synthetic operational estimate,
TXN_ADDC_001,ADDC-DOC-001,Project Barq,Operating performance,Technical loss reduction,Base,2029,0.75,percentage points,"Loss improvement from meter accuracy, analytics and feeder balancing",Synthetic operational estimate,
TXN_ADDC_001,ADDC-DOC-001,Project Barq,Operating performance,Non-revenue water reduction,Base,2029,1.1,percentage points,"Improvement from telemetry, pressure management and leakage analytics",Synthetic operational estimate,
TXN_ADDC_001,ADDC-DOC-001,Project Barq,Cybersecurity,Cyber hardening budget included,Base,2026-2029,38,AED million,Cybersecurity scope included in capex but independent audit not yet budgeted,Synthetic risk estimate,MISSING_INDEPENDENT_CYBER_AUDIT
TXN_ADDC_001,ADDC-DOC-001,Project Barq,ESG,Estimated annual CO2e avoidance,Base,2029,42000,tCO2e per year,Indirect emissions reduction from lower losses and better demand management,Synthetic ESG estimate,
TXN_ADDC_001,ADDC-DOC-001,Project Barq,Capex breakdown,Smart meters and AMI modules,Base,2026-2029,315,AED million,"meter procurement, communications modules and field installation",Synthetic EPC / vendor estimate,
TXN_ADDC_001,ADDC-DOC-001,Project Barq,Capex breakdown,Distribution management system / ADMS,Base,2026-2029,145,AED million,"control room, outage management and operational analytics",Synthetic EPC / vendor estimate,
TXN_ADDC_001,ADDC-DOC-001,Project Barq,Capex breakdown,Feeder automation and RMU upgrades,Base,2026-2029,235,AED million,"switchgear, protection relays and remote terminal units",Synthetic EPC / vendor estimate,
TXN_ADDC_001,ADDC-DOC-001,Project Barq,Capex breakdown,Water telemetry and district metering,Base,2026-2029,92,AED million,"meters, sensors, pressure management and analytics",Synthetic EPC / vendor estimate,
TXN_ADDC_001,ADDC-DOC-001,Project Barq,Capex breakdown,IT integration and data platform,Base,2026-2029,82,AED million,"enterprise integration, cloud/hybrid data layer and interfaces",Synthetic EPC / vendor estimate,
TXN_ADDC_001,ADDC-DOC-001,Project Barq,Capex breakdown,"Civil, substations and field works",Base,2026-2029,126,AED million,"site works, cabinets, trenching, substations and commissioning",Synthetic EPC / vendor estimate,
TXN_ADDC_001,ADDC-DOC-001,Project Barq,Capex breakdown,Cybersecurity and resilience,Base,2026-2029,38,AED million,"identity, OT segmentation, SOC use cases and hardening",Synthetic EPC / vendor estimate,
TXN_ADDC_001,ADDC-DOC-001,Project Barq,Capex breakdown,Owner costs and programme management,Base,2026-2029,42,AED million,"PMO, supervision, procurement and technical assurance",Synthetic EPC / vendor estimate,
TXN_ADDC_001,ADDC-DOC-001,Project Barq,Capex breakdown,Contingency,Base,2026-2029,70,AED million,"6.1% of total capex, flagged as below peer median for complex roll-out",Synthetic EPC / vendor estimate,LOW_CONTINGENCY
TXN_ADDC_001,ADDC-DOC-001,Project Barq,Capex phasing,Annual capex deployment,Base,2026,175,AED million,Capex spend profile used for programme cash-flow phasing,Synthetic financial model,
TXN_ADDC_001,ADDC-DOC-001,Project Barq,Capex phasing,Annual capex deployment,Base,2027,420,AED million,Capex spend profile used for programme cash-flow phasing,Synthetic financial model,
TXN_ADDC_001,ADDC-DOC-001,Project Barq,Capex phasing,Annual capex deployment,Base,2028,395,AED million,Capex spend profile used for programme cash-flow phasing,Synthetic financial model,
TXN_ADDC_001,ADDC-DOC-001,Project Barq,Capex phasing,Annual capex deployment,Base,2029,155,AED million,Capex spend profile used for programme cash-flow phasing,Synthetic financial model,
TXN_ADDC_001,ADDC-DOC-001,Project Barq,Benefits,Opex savings,Base,2027,28,AED million,"Avoided manual reads, truck rolls, lower outage handling cost and optimized field force",Synthetic financial model,
TXN_ADDC_001,ADDC-DOC-001,Project Barq,Benefits,Incremental regulated revenue / allowed return,Base,2027,18,AED million,Recovery of approved asset base and allowed return uplift,Synthetic financial model,
TXN_ADDC_001,ADDC-DOC-001,Project Barq,Benefits,Technical loss and NRW benefit,Base,2027,9,AED million,Monetized reduction in electricity losses and water non-revenue losses,Synthetic financial model,
TXN_ADDC_001,ADDC-DOC-001,Project Barq,Financial forecast,Incremental EBITDA,Base,2027,31,AED million,Total incremental recurring benefits net of incremental opex,Synthetic financial model,
TXN_ADDC_001,ADDC-DOC-001,Project Barq,Benefits,Opex savings,Base,2028,64,AED million,"Avoided manual reads, truck rolls, lower outage handling cost and optimized field force",Synthetic financial model,
TXN_ADDC_001,ADDC-DOC-001,Project Barq,Benefits,Incremental regulated revenue / allowed return,Base,2028,73,AED million,Recovery of approved asset base and allowed return uplift,Synthetic financial model,
TXN_ADDC_001,ADDC-DOC-001,Project Barq,Benefits,Technical loss and NRW benefit,Base,2028,22,AED million,Monetized reduction in electricity losses and water non-revenue losses,Synthetic financial model,
TXN_ADDC_001,ADDC-DOC-001,Project Barq,Financial forecast,Incremental EBITDA,Base,2028,104,AED million,Total incremental recurring benefits net of incremental opex,Synthetic financial model,
TXN_ADDC_001,ADDC-DOC-001,Project Barq,Benefits,Opex savings,Base,2029,112,AED million,"Avoided manual reads, truck rolls, lower outage handling cost and optimized field force",Synthetic financial model,
TXN_ADDC_001,ADDC-DOC-001,Project Barq,Benefits,Incremental regulated revenue / allowed return,Base,2029,122,AED million,Recovery of approved asset base and allowed return uplift,Synthetic financial model,
TXN_ADDC_001,ADDC-DOC-001,Project Barq,Benefits,Technical loss and NRW benefit,Base,2029,39,AED million,Monetized reduction in electricity losses and water non-revenue losses,Synthetic financial model,
TXN_ADDC_001,ADDC-DOC-001,Project Barq,Financial forecast,Incremental EBITDA,Base,2029,181,AED million,Total incremental recurring benefits net of incremental opex,Synthetic financial model,
TXN_ADDC_001,ADDC-DOC-001,Project Barq,Benefits,Opex savings,Base,2030,128,AED million,"Avoided manual reads, truck rolls, lower outage handling cost and optimized field force",Synthetic financial model,
TXN_ADDC_001,ADDC-DOC-001,Project Barq,Benefits,Incremental regulated revenue / allowed return,Base,2030,151,AED million,Recovery of approved asset base and allowed return uplift,Synthetic financial model,
TXN_ADDC_001,ADDC-DOC-001,Project Barq,Benefits,Technical loss and NRW benefit,Base,2030,44,AED million,Monetized reduction in electricity losses and water non-revenue losses,Synthetic financial model,
TXN_ADDC_001,ADDC-DOC-001,Project Barq,Financial forecast,Incremental EBITDA,Base,2030,213,AED million,Total incremental recurring benefits net of incremental opex,Synthetic financial model,
TXN_ADDC_001,ADDC-DOC-001,Project Barq,Benefits,Opex savings,Base,2031,134,AED million,"Avoided manual reads, truck rolls, lower outage handling cost and optimized field force",Synthetic financial model,
TXN_ADDC_001,ADDC-DOC-001,Project Barq,Benefits,Incremental regulated revenue / allowed return,Base,2031,158,AED million,Recovery of approved asset base and allowed return uplift,Synthetic financial model,
TXN_ADDC_001,ADDC-DOC-001,Project Barq,Benefits,Technical loss and NRW benefit,Base,2031,46,AED million,Monetized reduction in electricity losses and water non-revenue losses,Synthetic financial model,
TXN_ADDC_001,ADDC-DOC-001,Project Barq,Financial forecast,Incremental EBITDA,Base,2031,224,AED million,Total incremental recurring benefits net of incremental opex,Synthetic financial model,
TXN_ADDC_001,ADDC-DOC-001,Project Barq,Benefits,Opex savings,Base,2032,141,AED million,"Avoided manual reads, truck rolls, lower outage handling cost and optimized field force",Synthetic financial model,
TXN_ADDC_001,ADDC-DOC-001,Project Barq,Benefits,Incremental regulated revenue / allowed return,Base,2032,165,AED million,Recovery of approved asset base and allowed return uplift,Synthetic financial model,
TXN_ADDC_001,ADDC-DOC-001,Project Barq,Benefits,Technical loss and NRW benefit,Base,2032,48,AED million,Monetized reduction in electricity losses and water non-revenue losses,Synthetic financial model,
TXN_ADDC_001,ADDC-DOC-001,Project Barq,Financial forecast,Incremental EBITDA,Base,2032,235,AED million,Total incremental recurring benefits net of incremental opex,Synthetic financial model,
TXN_ADDC_001,ADDC-DOC-001,Project Barq,Sensitivity,Capex +10%,Downside,2026-2045,1275,AED million,Equity IRR falls to 10.9% and NPV falls to AED 83m,Synthetic sensitivity case,
TXN_ADDC_001,ADDC-DOC-001,Project Barq,Sensitivity,Regulatory recovery lag +12 months,Downside,2026-2045,12,months incremental lag,NPV falls by AED 74m,Synthetic sensitivity case,
TXN_ADDC_001,ADDC-DOC-001,Project Barq,Sensitivity,Benefits delayed 1 year,Downside,2026-2045,1,year delay,Equity IRR falls to 10.7%,Synthetic sensitivity case,
TXN_ADDC_001,ADDC-DOC-001,Project Barq,Sensitivity,Technical loss benefit -30%,Downside,2026-2045,-30,% vs base,Project IRR falls to 12.4%,Synthetic sensitivity case,
TXN_ADDC_001,ADDC-DOC-001,Project Barq,Sensitivity,Capex -5%,Upside,2026-2045,1088,AED million,Equity IRR rises to 13.8%,Synthetic sensitivity case,
TXN_ADDC_001,ADDC-DOC-001,Project Barq,Sensitivity,Faster roll-out by 6 months,Upside,2026-2045,6,months acceleration,NPV rises by AED 49m,Synthetic sensitivity case,
TXN_ADDC_001,ADDC-DOC-001,Project Barq,Sensitivity,Capex +10% + benefits delay + regulatory lag,Combined downside,2026-2045,,not run,Not calculated in CSV; deck implies result exists,Synthetic financial model,MISSING_COMBINED_DOWNSIDE
TXN_ADDC_001,ADDC-DOC-001,Project Barq,Benchmark,Capex per smart meter,Base,2026-2029,2516,AED / meter,Includes AMI system-level and field installation cost allocation,Synthetic benchmark synthesis,
TXN_ADDC_001,ADDC-DOC-001,Project Barq,Benchmark,Capex per customer served,Base,2026-2029,2290,AED / customer,CSV metric based on 500k directly affected customers,Synthetic benchmark synthesis,
TXN_ADDC_001,ADDC-DOC-001,Project Barq,Benchmark,ADMS cost as % of capex,Base,2026-2029,12.7,%,Appears higher than generic utility benchmark range in market note,Synthetic benchmark synthesis,
TXN_ADDC_001,ADDC-DOC-001,Project Barq,Benchmark,Contingency as % of capex,Base,2026-2029,6.1,%,Below the 8-12% range used for comparable complex roll-outs,Synthetic benchmark synthesis,
TXN_ADDC_001,ADDC-DOC-001,Project Barq,Benchmark,Opex saving per meter per year,Base,2026-2029,281,AED / meter / year,Compares against internal field-force cost baseline,Synthetic benchmark synthesis,
TXN_ADDC_001,ADDC-DOC-001,Project Barq,Data quality,Independent regulatory determination attached,Base,2026,No,Yes/No,Revenue recovery relies on sponsor representation; formal approval not in pack,Synthetic completeness check,MISSING_REGULATORY_EVIDENCE
TXN_ADDC_001,ADDC-DOC-001,Project Barq,Data quality,Independent customer-demand forecast attached,Base,2026,Partial,status,Load growth and connection forecast support summarized but not fully provided,Synthetic completeness check,PARTIAL_DEMAND_EVIDENCE
TXN_ADDC_001,ADDC-DOC-001,Project Barq,Data quality,Vendor quotes attached,Base,2026,Partial,status,Only two indicative supplier quotes; final EPC pricing not locked,Synthetic completeness check,PARTIAL_VENDOR_SUPPORT
TXN_ADDC_001,ADDC-DOC-001,Project Barq,Data quality,Cybersecurity penetration testing scope attached,Base,2026,No,Yes/No,Cyber hardening budget included but testing scope not attached,Synthetic completeness check,MISSING_CYBER_SCOPE
TXN_ADDC_001,ADDC-DOC-001,Project Barq,Data quality,Water telemetry benefit methodology attached,Base,2026,No,Yes/No,NRW monetization methodology not fully evidenced,Synthetic completeness check,MISSING_NRW_EVIDENCE
