SNo.,document_id,source_group,corpus_pack,file_name,file_extension,relative_path,absolute_path,file_size_bytes,last_modified_datetime,sha256_checksum,supported_file_type,extraction_method_hint,index_in_rag,ingest_status,notes
0,DOC_000001,client_data,TXN_HELIOS_001,Synthetic_Project_Helios_Investment_Memorandum.docx:Zone.Identifier:Zone.Identifier,.identifier,client_data/TXN_HELIOS_001/Synthetic_Project_Helios_Investment_Memorandum.docx:Zone.Identifier:Zone.Identifier,/home/anurag_sarangi/projects/global_rag_pipeline/global_rag/client_data/TXN_HELIOS_001/Synthetic_Project_Helios_Investment_Memorandum.docx:Zone.Identifier:Zone.Identifier,25,2026-06-25 17:59:14,b952d24cf701bc4e7a7d21e1ae85c611824e80579a89836c0cb49b193446ccfe,No,unknown,No,pending,
1,DOC_000002,client_data,TXN_HELIOS_001,Synthetic_Project_Helios_Market_and_Benchmark_Note.docx:Zone.Identifier,.identifier,client_data/TXN_HELIOS_001/Synthetic_Project_Helios_Market_and_Benchmark_Note.docx:Zone.Identifier,/home/anurag_sarangi/projects/global_rag_pipeline/global_rag/client_data/TXN_HELIOS_001/Synthetic_Project_Helios_Market_and_Benchmark_Note.docx:Zone.Identifier,25,2026-06-25 17:23:22,b952d24cf701bc4e7a7d21e1ae85c611824e80579a89836c0cb49b193446ccfe,No,unknown,No,pending,
2,DOC_000003,client_data,TXN_HELIOS_001,Synthetic_Project_Helios_Market_and_Benchmark_Note.docx:Zone.Identifier:Zone.Identifier,.identifier,client_data/TXN_HELIOS_001/Synthetic_Project_Helios_Market_and_Benchmark_Note.docx:Zone.Identifier:Zone.Identifier,/home/anurag_sarangi/projects/global_rag_pipeline/global_rag/client_data/TXN_HELIOS_001/Synthetic_Project_Helios_Market_and_Benchmark_Note.docx:Zone.Identifier:Zone.Identifier,25,2026-06-25 17:59:14,b952d24cf701bc4e7a7d21e1ae85c611824e80579a89836c0cb49b193446ccfe,No,unknown,No,pending,
3,DOC_000004,client_data,TXN_HELIOS_001,Synthetic_Project_Helios_IC_Deck.pdf,.pdf,client_data/TXN_HELIOS_001/Synthetic_Project_Helios_IC_Deck.pdf,/home/anurag_sarangi/projects/global_rag_pipeline/global_rag/client_data/TXN_HELIOS_001/Synthetic_Project_Helios_IC_Deck.pdf,146380,2026-06-25 17:23:22,fb5449274faee6666026100e42a0240a0cc8898a800cbeac0387f33de5d1398e,Yes,extract_pdf_text,Yes,pending,
4,DOC_000005,client_data,TXN_HELIOS_001,Synthetic_Project_Helios_Financial_Assumptions.xlsx:Zone.Identifier:Zone.Identifier,.identifier,client_data/TXN_HELIOS_001/Synthetic_Project_Helios_Financial_Assumptions.xlsx:Zone.Identifier:Zone.Identifier,/home/anurag_sarangi/projects/global_rag_pipeline/global_rag/client_data/TXN_HELIOS_001/Synthetic_Project_Helios_Financial_Assumptions.xlsx:Zone.Identifier:Zone.Identifier,25,2026-06-25 17:59:14,b952d24cf701bc4e7a7d21e1ae85c611824e80579a89836c0cb49b193446ccfe,No,unknown,No,pending,
5,DOC_000006,client_data,TXN_HELIOS_001,Synthetic_Project_Helios_IC_Deck.pdf:Zone.Identifier,.identifier,client_data/TXN_HELIOS_001/Synthetic_Project_Helios_IC_Deck.pdf:Zone.Identifier,/home/anurag_sarangi/projects/global_rag_pipeline/global_rag/client_data/TXN_HELIOS_001/Synthetic_Project_Helios_IC_Deck.pdf:Zone.Identifier,25,2026-06-25 17:23:22,b952d24cf701bc4e7a7d21e1ae85c611824e80579a89836c0cb49b193446ccfe,No,unknown,No,pending,
6,DOC_000007,client_data,TXN_HELIOS_001,synthetic_submission_manifest.csv,.csv,client_data/TXN_HELIOS_001/synthetic_submission_manifest.csv,/home/anurag_sarangi/projects/global_rag_pipeline/global_rag/client_data/TXN_HELIOS_001/synthetic_submission_manifest.csv,701,2026-06-25 17:23:22,7602fc9fd5a530e199938d03d515461763d143c8a82d37734d27386a7e23a837,Yes,read_csv_table,No,pending,
7,DOC_000008,client_data,TXN_HELIOS_001,README_SYNTHETIC_PACK.md,.md,client_data/TXN_HELIOS_001/README_SYNTHETIC_PACK.md,/home/anurag_sarangi/projects/global_rag_pipeline/global_rag/client_data/TXN_HELIOS_001/README_SYNTHETIC_PACK.md,1050,2026-06-25 17:23:22,b88beb92ccf9df452e76ba8e67a7ad2fc06042ad04af56e89f82ed943845d596,Yes,read_text_file,Yes,pending,
8,DOC_000009,client_data,TXN_HELIOS_001,Synthetic_Project_Helios_IC_Deck.pptx:Zone.Identifier,.identifier,client_data/TXN_HELIOS_001/Synthetic_Project_Helios_IC_Deck.pptx:Zone.Identifier,/home/anurag_sarangi/projects/global_rag_pipeline/global_rag/client_data/TXN_HELIOS_001/Synthetic_Project_Helios_IC_Deck.pptx:Zone.Identifier,25,2026-06-25 17:23:22,b952d24cf701bc4e7a7d21e1ae85c611824e80579a89836c0cb49b193446ccfe,No,unknown,No,pending,
9,DOC_000010,client_data,TXN_HELIOS_001,synthetic_submission_manifest.csv:Zone.Identifier,.identifier,client_data/TXN_HELIOS_001/synthetic_submission_manifest.csv:Zone.Identifier,/home/anurag_sarangi/projects/global_rag_pipeline/global_rag/client_data/TXN_HELIOS_001/synthetic_submission_manifest.csv:Zone.Identifier,25,2026-06-25 17:23:22,b952d24cf701bc4e7a7d21e1ae85c611824e80579a89836c0cb49b193446ccfe,No,unknown,No,pending,
10,DOC_000011,client_data,TXN_HELIOS_001,Synthetic_Project_Helios_Investment_Memorandum.docx,.docx,client_data/TXN_HELIOS_001/Synthetic_Project_Helios_Investment_Memorandum.docx,/home/anurag_sarangi/projects/global_rag_pipeline/global_rag/client_data/TXN_HELIOS_001/Synthetic_Project_Helios_Investment_Memorandum.docx,41803,2026-06-25 17:23:22,eba378f0b6312d431a67f013c2ab1105346a211553f16a4d91196ec8f0433e35,Yes,extract_docx_text,Yes,pending,
11,DOC_000012,client_data,TXN_HELIOS_001,Synthetic_Project_Helios_Financial_Assumptions.xlsx,.xlsx,client_data/TXN_HELIOS_001/Synthetic_Project_Helios_Financial_Assumptions.xlsx,/home/anurag_sarangi/projects/global_rag_pipeline/global_rag/client_data/TXN_HELIOS_001/Synthetic_Project_Helios_Financial_Assumptions.xlsx,19102,2026-06-25 17:23:22,6af795415a3ec308656874618a804257d09ede0a780eb36a8584c59501c6cbe2,Yes,extract_excel_tables,No,pending,
12,DOC_000013,client_data,TXN_HELIOS_001,Synthetic_Project_Helios_Financial_Assumptions.xlsx:Zone.Identifier,.identifier,client_data/TXN_HELIOS_001/Synthetic_Project_Helios_Financial_Assumptions.xlsx:Zone.Identifier,/home/anurag_sarangi/projects/global_rag_pipeline/global_rag/client_data/TXN_HELIOS_001/Synthetic_Project_Helios_Financial_Assumptions.xlsx:Zone.Identifier,25,2026-06-25 17:23:22,b952d24cf701bc4e7a7d21e1ae85c611824e80579a89836c0cb49b193446ccfe,No,unknown,No,pending,
13,DOC_000014,client_data,TXN_HELIOS_001,README_SYNTHETIC_PACK.md:Zone.Identifier:Zone.Identifier,.identifier,client_data/TXN_HELIOS_001/README_SYNTHETIC_PACK.md:Zone.Identifier:Zone.Identifier,/home/anurag_sarangi/projects/global_rag_pipeline/global_rag/client_data/TXN_HELIOS_001/README_SYNTHETIC_PACK.md:Zone.Identifier:Zone.Identifier,25,2026-06-25 17:59:14,b952d24cf701bc4e7a7d21e1ae85c611824e80579a89836c0cb49b193446ccfe,No,unknown,No,pending,
14,DOC_000015,client_data,TXN_HELIOS_001,Synthetic_Project_Helios_Market_and_Benchmark_Note.docx,.docx,client_data/TXN_HELIOS_001/Synthetic_Project_Helios_Market_and_Benchmark_Note.docx,/home/anurag_sarangi/projects/global_rag_pipeline/global_rag/client_data/TXN_HELIOS_001/Synthetic_Project_Helios_Market_and_Benchmark_Note.docx,39062,2026-06-25 17:23:22,08b5f124d00cb7c679f023eb6c7948e6aa32380f0a3ec1364dd6c1efac2e918e,Yes,extract_docx_text,Yes,pending,
15,DOC_000016,client_data,TXN_HELIOS_001,synthetic_submission_manifest.csv:Zone.Identifier:Zone.Identifier,.identifier,client_data/TXN_HELIOS_001/synthetic_submission_manifest.csv:Zone.Identifier:Zone.Identifier,/home/anurag_sarangi/projects/global_rag_pipeline/global_rag/client_data/TXN_HELIOS_001/synthetic_submission_manifest.csv:Zone.Identifier:Zone.Identifier,25,2026-06-25 17:59:14,b952d24cf701bc4e7a7d21e1ae85c611824e80579a89836c0cb49b193446ccfe,No,unknown,No,pending,
16,DOC_000017,client_data,TXN_HELIOS_001,Synthetic_Project_Helios_Investment_Memorandum.docx:Zone.Identifier,.identifier,client_data/TXN_HELIOS_001/Synthetic_Project_Helios_Investment_Memorandum.docx:Zone.Identifier,/home/anurag_sarangi/projects/global_rag_pipeline/global_rag/client_data/TXN_HELIOS_001/Synthetic_Project_Helios_Investment_Memorandum.docx:Zone.Identifier,25,2026-06-25 17:23:22,b952d24cf701bc4e7a7d21e1ae85c611824e80579a89836c0cb49b193446ccfe,No,unknown,No,pending,
17,DOC_000018,client_data,TXN_HELIOS_001,Synthetic_Project_Helios_IC_Deck.pdf:Zone.Identifier:Zone.Identifier,.identifier,client_data/TXN_HELIOS_001/Synthetic_Project_Helios_IC_Deck.pdf:Zone.Identifier:Zone.Identifier,/home/anurag_sarangi/projects/global_rag_pipeline/global_rag/client_data/TXN_HELIOS_001/Synthetic_Project_Helios_IC_Deck.pdf:Zone.Identifier:Zone.Identifier,25,2026-06-25 17:59:14,b952d24cf701bc4e7a7d21e1ae85c611824e80579a89836c0cb49b193446ccfe,No,unknown,No,pending,
18,DOC_000019,client_data,TXN_HELIOS_001,README_SYNTHETIC_PACK.md:Zone.Identifier,.identifier,client_data/TXN_HELIOS_001/README_SYNTHETIC_PACK.md:Zone.Identifier,/home/anurag_sarangi/projects/global_rag_pipeline/global_rag/client_data/TXN_HELIOS_001/README_SYNTHETIC_PACK.md:Zone.Identifier,25,2026-06-25 17:23:22,b952d24cf701bc4e7a7d21e1ae85c611824e80579a89836c0cb49b193446ccfe,No,unknown,No,pending,
19,DOC_000020,client_data,TXN_HELIOS_001,Synthetic_Project_Helios_IC_Deck.pptx:Zone.Identifier:Zone.Identifier,.identifier,client_data/TXN_HELIOS_001/Synthetic_Project_Helios_IC_Deck.pptx:Zone.Identifier:Zone.Identifier,/home/anurag_sarangi/projects/global_rag_pipeline/global_rag/client_data/TXN_HELIOS_001/Synthetic_Project_Helios_IC_Deck.pptx:Zone.Identifier:Zone.Identifier,25,2026-06-25 17:59:14,b952d24cf701bc4e7a7d21e1ae85c611824e80579a89836c0cb49b193446ccfe,No,unknown,No,pending,
20,DOC_000021,client_data,TXN_HELIOS_001,Synthetic_Project_Helios_IC_Deck.pptx,.pptx,client_data/TXN_HELIOS_001/Synthetic_Project_Helios_IC_Deck.pptx,/home/anurag_sarangi/projects/global_rag_pipeline/global_rag/client_data/TXN_HELIOS_001/Synthetic_Project_Helios_IC_Deck.pptx,254303,2026-06-25 17:23:22,982d6acebe2bb8c93072056f618ae866423f69f54bfddb803ebfd970fde65715,Yes,extract_ppt_text,No,pending,
21,DOC_000022,corpus_data,02_Benchmark_and_Market_Data,Ormat_Technologies_companyfacts.json:Zone.Identifier,.identifier,corpus/02_Benchmark_and_Market_Data/Ormat_Technologies_companyfacts.json:Zone.Identifier,/home/anurag_sarangi/projects/global_rag_pipeline/global_rag/corpus/02_Benchmark_and_Market_Data/Ormat_Technologies_companyfacts.json:Zone.Identifier,25,2026-06-25 17:55:39,b952d24cf701bc4e7a7d21e1ae85c611824e80579a89836c0cb49b193446ccfe,No,unknown,No,pending,
22,DOC_000023,corpus_data,02_Benchmark_and_Market_Data,WDI_001_GDP_Growth_2010_2025.csv:Zone.Identifier,.identifier,corpus/02_Benchmark_and_Market_Data/WDI_001_GDP_Growth_2010_2025.csv:Zone.Identifier,/home/anurag_sarangi/projects/global_rag_pipeline/global_rag/corpus/02_Benchmark_and_Market_Data/WDI_001_GDP_Growth_2010_2025.csv:Zone.Identifier,25,2026-06-25 17:55:57,b952d24cf701bc4e7a7d21e1ae85c611824e80579a89836c0cb49b193446ccfe,No,unknown,No,pending,
23,DOC_000024,corpus_data,02_Benchmark_and_Market_Data,2024_v3_Workbook_Corrected_04_02_2025.xlsx:Zone.Identifier,.identifier,corpus/02_Benchmark_and_Market_Data/2024_v3_Workbook_Corrected_04_02_2025.xlsx:Zone.Identifier,/home/anurag_sarangi/projects/global_rag_pipeline/global_rag/corpus/02_Benchmark_and_Market_Data/2024_v3_Workbook_Corrected_04_02_2025.xlsx:Zone.Identifier,25,2026-06-25 17:56:13,b952d24cf701bc4e7a7d21e1ae85c611824e80579a89836c0cb49b193446ccfe,No,unknown,No,pending,
24,DOC_000025,corpus_data,02_Benchmark_and_Market_Data,AES_Corporation_companyfacts.json,.json,corpus/02_Benchmark_and_Market_Data/AES_Corporation_companyfacts.json,/home/anurag_sarangi/projects/global_rag_pipeline/global_rag/corpus/02_Benchmark_and_Market_Data/AES_Corporation_companyfacts.json,12923182,2026-06-25 17:23:22,1ece1c4d73b47b1ba28edb71f9f8083731e9bebabab220a5f589caa377d4c0b8,Yes,read_json_file,Yes,pending,
25,DOC_000026,corpus_data,02_Benchmark_and_Market_Data,WorldBank_PPI_Energy_Renewables_2000_2024.xlsx:Zone.Identifier,.identifier,corpus/02_Benchmark_and_Market_Data/WorldBank_PPI_Energy_Renewables_2000_2024.xlsx:Zone.Identifier,/home/anurag_sarangi/projects/global_rag_pipeline/global_rag/corpus/02_Benchmark_and_Market_Data/WorldBank_PPI_Energy_Renewables_2000_2024.xlsx:Zone.Identifier,25,2026-06-25 17:23:22,b952d24cf701bc4e7a7d21e1ae85c611824e80579a89836c0cb49b193446ccfe,No,unknown,No,pending,
26,DOC_000027,corpus_data,02_Benchmark_and_Market_Data,WorldBank_PPI_Energy_Renewables_2000_2024.xlsx,.xlsx,corpus/02_Benchmark_and_Market_Data/WorldBank_PPI_Energy_Renewables_2000_2024.xlsx,/home/anurag_sarangi/projects/global_rag_pipeline/global_rag/corpus/02_Benchmark_and_Market_Data/WorldBank_PPI_Energy_Renewables_2000_2024.xlsx,12904255,2026-06-25 17:23:22,ec4f60c0f9c14ad18ba08fa72417f2d362d10720fd13292199299e66db18311f,Yes,extract_excel_tables,No,pending,
27,DOC_000028,corpus_data,02_Benchmark_and_Market_Data,AES_Corporation_companyfacts.json:Zone.Identifier,.identifier,corpus/02_Benchmark_and_Market_Data/AES_Corporation_companyfacts.json:Zone.Identifier,/home/anurag_sarangi/projects/global_rag_pipeline/global_rag/corpus/02_Benchmark_and_Market_Data/AES_Corporation_companyfacts.json:Zone.Identifier,25,2026-06-25 17:55:39,b952d24cf701bc4e7a7d21e1ae85c611824e80579a89836c0cb49b193446ccfe,No,unknown,No,pending,
28,DOC_000029,corpus_data,02_Benchmark_and_Market_Data,WDI_002_Inflation_2010_2025.csv:Zone.Identifier,.identifier,corpus/02_Benchmark_and_Market_Data/WDI_002_Inflation_2010_2025.csv:Zone.Identifier,/home/anurag_sarangi/projects/global_rag_pipeline/global_rag/corpus/02_Benchmark_and_Market_Data/WDI_002_Inflation_2010_2025.csv:Zone.Identifier,25,2026-06-25 17:55:57,b952d24cf701bc4e7a7d21e1ae85c611824e80579a89836c0cb49b193446ccfe,No,unknown,No,pending,
29,DOC_000030,corpus_data,02_Benchmark_and_Market_Data,2024_v3_Model_Parameters.csv,.csv,corpus/02_Benchmark_and_Market_Data/2024_v3_Model_Parameters.csv,/home/anurag_sarangi/projects/global_rag_pipeline/global_rag/corpus/02_Benchmark_and_Market_Data/2024_v3_Model_Parameters.csv,10214121,2026-06-25 17:23:21,29be470f7646a8930493b860a0ef1a4843821d5dc13951a7e5ceb350efe3948e,Yes,read_csv_table,No,pending,
30,DOC_000031,corpus_data,02_Benchmark_and_Market_Data,Ormat_Technologies_companyfacts.json,.json,corpus/02_Benchmark_and_Market_Data/Ormat_Technologies_companyfacts.json,/home/anurag_sarangi/projects/global_rag_pipeline/global_rag/corpus/02_Benchmark_and_Market_Data/Ormat_Technologies_companyfacts.json,9910432,2026-06-25 17:23:22,010747409414cf1972dc453e3ccccf9a01c824f845a30ca74f37a02d823dee3f,Yes,read_json_file,Yes,pending,
31,DOC_000032,corpus_data,02_Benchmark_and_Market_Data,WDI_004_GDP_Current_USD_2010_2025.csv,.csv,corpus/02_Benchmark_and_Market_Data/WDI_004_GDP_Current_USD_2010_2025.csv,/home/anurag_sarangi/projects/global_rag_pipeline/global_rag/corpus/02_Benchmark_and_Market_Data/WDI_004_GDP_Current_USD_2010_2025.csv,12532,2026-06-25 17:23:22,8e80b111bf945ac1832397f85e77b5b109129799d60831f3a2463e74ecf008c1,Yes,read_csv_table,No,pending,
32,DOC_000033,corpus_data,02_Benchmark_and_Market_Data,README.txt,.txt,corpus/02_Benchmark_and_Market_Data/README.txt,/home/anurag_sarangi/projects/global_rag_pipeline/global_rag/corpus/02_Benchmark_and_Market_Data/README.txt,77,2026-06-25 17:23:21,5495840e8a32d3d8a2b2f0b0371775d8a43b7e61a9d3b321d345d2fada8c4276,Yes,read_text_file,Yes,pending,
33,DOC_000034,corpus_data,02_Benchmark_and_Market_Data,Enphase_Energy_companyfacts.json,.json,corpus/02_Benchmark_and_Market_Data/Enphase_Energy_companyfacts.json,/home/anurag_sarangi/projects/global_rag_pipeline/global_rag/corpus/02_Benchmark_and_Market_Data/Enphase_Energy_companyfacts.json,6498007,2026-06-25 17:23:22,4552cb1ea1abfc62e09384db33ac1f252e6611b4faaf55e70deef364f426f5cb,Yes,read_json_file,Yes,pending,
34,DOC_000035,corpus_data,02_Benchmark_and_Market_Data,NextEra_Energy_companyfacts.json,.json,corpus/02_Benchmark_and_Market_Data/NextEra_Energy_companyfacts.json,/home/anurag_sarangi/projects/global_rag_pipeline/global_rag/corpus/02_Benchmark_and_Market_Data/NextEra_Energy_companyfacts.json,8288239,2026-06-25 17:23:22,656af644868e4c0c448c46c7cdff9599bfea318b16823d750325b6dd9c4d6d6d,Yes,read_json_file,Yes,pending,
35,DOC_000036,corpus_data,02_Benchmark_and_Market_Data,README.txt:Zone.Identifier,.identifier,corpus/02_Benchmark_and_Market_Data/README.txt:Zone.Identifier,/home/anurag_sarangi/projects/global_rag_pipeline/global_rag/corpus/02_Benchmark_and_Market_Data/README.txt:Zone.Identifier,25,2026-06-25 17:23:21,b952d24cf701bc4e7a7d21e1ae85c611824e80579a89836c0cb49b193446ccfe,No,unknown,No,pending,
36,DOC_000037,corpus_data,02_Benchmark_and_Market_Data,First_Solar_companyfacts.json,.json,corpus/02_Benchmark_and_Market_Data/First_Solar_companyfacts.json,/home/anurag_sarangi/projects/global_rag_pipeline/global_rag/corpus/02_Benchmark_and_Market_Data/First_Solar_companyfacts.json,9843855,2026-06-25 17:23:22,814b6914fb70db70a49490c94762265cff85f8e50d850c1ff64387db4e69a486,Yes,read_json_file,Yes,pending,
37,DOC_000038,corpus_data,02_Benchmark_and_Market_Data,WDI_003_Official_Exchange_Rate_2010_2025.csv:Zone.Identifier,.identifier,corpus/02_Benchmark_and_Market_Data/WDI_003_Official_Exchange_Rate_2010_2025.csv:Zone.Identifier,/home/anurag_sarangi/projects/global_rag_pipeline/global_rag/corpus/02_Benchmark_and_Market_Data/WDI_003_Official_Exchange_Rate_2010_2025.csv:Zone.Identifier,25,2026-06-25 17:55:57,b952d24cf701bc4e7a7d21e1ae85c611824e80579a89836c0cb49b193446ccfe,No,unknown,No,pending,
38,DOC_000039,corpus_data,02_Benchmark_and_Market_Data,WDI_004_GDP_Current_USD_2010_2025.csv:Zone.Identifier,.identifier,corpus/02_Benchmark_and_Market_Data/WDI_004_GDP_Current_USD_2010_2025.csv:Zone.Identifier,/home/anurag_sarangi/projects/global_rag_pipeline/global_rag/corpus/02_Benchmark_and_Market_Data/WDI_004_GDP_Current_USD_2010_2025.csv:Zone.Identifier,25,2026-06-25 17:55:57,b952d24cf701bc4e7a7d21e1ae85c611824e80579a89836c0cb49b193446ccfe,No,unknown,No,pending,
39,DOC_000040,corpus_data,02_Benchmark_and_Market_Data,WDI_003_Official_Exchange_Rate_2010_2025.csv,.csv,corpus/02_Benchmark_and_Market_Data/WDI_003_Official_Exchange_Rate_2010_2025.csv,/home/anurag_sarangi/projects/global_rag_pipeline/global_rag/corpus/02_Benchmark_and_Market_Data/WDI_003_Official_Exchange_Rate_2010_2025.csv,17353,2026-06-25 17:23:22,d8a5f41d9aafd0304014b0a0ca5d86c32af70a33635c0edf2468b1886b5b2e30,Yes,read_csv_table,No,pending,
40,DOC_000041,corpus_data,02_Benchmark_and_Market_Data,WDI_001_GDP_Growth_2010_2025.csv,.csv,corpus/02_Benchmark_and_Market_Data/WDI_001_GDP_Growth_2010_2025.csv,/home/anurag_sarangi/projects/global_rag_pipeline/global_rag/corpus/02_Benchmark_and_Market_Data/WDI_001_GDP_Growth_2010_2025.csv,13675,2026-06-25 17:23:22,dea4878b68eb5b25e15ef009cfc12082ebec38087cc382aa2c899da19913dd3d,Yes,read_csv_table,No,pending,
41,DOC_000042,corpus_data,02_Benchmark_and_Market_Data,First_Solar_companyfacts.json:Zone.Identifier,.identifier,corpus/02_Benchmark_and_Market_Data/First_Solar_companyfacts.json:Zone.Identifier,/home/anurag_sarangi/projects/global_rag_pipeline/global_rag/corpus/02_Benchmark_and_Market_Data/First_Solar_companyfacts.json:Zone.Identifier,25,2026-06-25 17:55:39,b952d24cf701bc4e7a7d21e1ae85c611824e80579a89836c0cb49b193446ccfe,No,unknown,No,pending,
42,DOC_000043,corpus_data,02_Benchmark_and_Market_Data,WDI_002_Inflation_2010_2025.csv,.csv,corpus/02_Benchmark_and_Market_Data/WDI_002_Inflation_2010_2025.csv,/home/anurag_sarangi/projects/global_rag_pipeline/global_rag/corpus/02_Benchmark_and_Market_Data/WDI_002_Inflation_2010_2025.csv,16065,2026-06-25 17:23:22,5e0be78cfd3eb441af53a2cab986529157a0ae37e29c9e6b756f3f0c3058170c,Yes,read_csv_table,No,pending,
43,DOC_000044,corpus_data,02_Benchmark_and_Market_Data,source_urls.csv:Zone.Identifier:Zone.Identifier,.identifier,corpus/02_Benchmark_and_Market_Data/source_urls.csv:Zone.Identifier:Zone.Identifier,/home/anurag_sarangi/projects/global_rag_pipeline/global_rag/corpus/02_Benchmark_and_Market_Data/source_urls.csv:Zone.Identifier:Zone.Identifier,25,2026-06-25 17:56:14,b952d24cf701bc4e7a7d21e1ae85c611824e80579a89836c0cb49b193446ccfe,No,unknown,No,pending,
44,DOC_000045,corpus_data,02_Benchmark_and_Market_Data,WorldBank_PPI_Energy_Renewables_2000_2024.xlsx:Zone.Identifier:Zone.Identifier,.identifier,corpus/02_Benchmark_and_Market_Data/WorldBank_PPI_Energy_Renewables_2000_2024.xlsx:Zone.Identifier:Zone.Identifier,/home/anurag_sarangi/projects/global_rag_pipeline/global_rag/corpus/02_Benchmark_and_Market_Data/WorldBank_PPI_Energy_Renewables_2000_2024.xlsx:Zone.Identifier:Zone.Identifier,25,2026-06-25 17:55:50,b952d24cf701bc4e7a7d21e1ae85c611824e80579a89836c0cb49b193446ccfe,No,unknown,No,pending,
45,DOC_000046,corpus_data,02_Benchmark_and_Market_Data,source_urls.csv,.csv,corpus/02_Benchmark_and_Market_Data/source_urls.csv,/home/anurag_sarangi/projects/global_rag_pipeline/global_rag/corpus/02_Benchmark_and_Market_Data/source_urls.csv,312,2026-06-25 17:23:21,697b3f950f6594ec73af6c22b2af3847c86f4c1eb2a216b69e4ae48ac18bc41d,Yes,read_csv_table,No,pending,
46,DOC_000047,corpus_data,02_Benchmark_and_Market_Data,source_urls.csv:Zone.Identifier,.identifier,corpus/02_Benchmark_and_Market_Data/source_urls.csv:Zone.Identifier,/home/anurag_sarangi/projects/global_rag_pipeline/global_rag/corpus/02_Benchmark_and_Market_Data/source_urls.csv:Zone.Identifier,25,2026-06-25 17:23:21,b952d24cf701bc4e7a7d21e1ae85c611824e80579a89836c0cb49b193446ccfe,No,unknown,No,pending,
47,DOC_000048,corpus_data,02_Benchmark_and_Market_Data,NextEra_Energy_companyfacts.json:Zone.Identifier,.identifier,corpus/02_Benchmark_and_Market_Data/NextEra_Energy_companyfacts.json:Zone.Identifier,/home/anurag_sarangi/projects/global_rag_pipeline/global_rag/corpus/02_Benchmark_and_Market_Data/NextEra_Energy_companyfacts.json:Zone.Identifier,25,2026-06-25 17:55:39,b952d24cf701bc4e7a7d21e1ae85c611824e80579a89836c0cb49b193446ccfe,No,unknown,No,pending,
48,DOC_000049,corpus_data,02_Benchmark_and_Market_Data,2024_v3_Workbook_Corrected_04_02_2025.xlsx,.xlsx,corpus/02_Benchmark_and_Market_Data/2024_v3_Workbook_Corrected_04_02_2025.xlsx,/home/anurag_sarangi/projects/global_rag_pipeline/global_rag/corpus/02_Benchmark_and_Market_Data/2024_v3_Workbook_Corrected_04_02_2025.xlsx,5008097,2026-06-25 17:23:21,34316344383535a8bf9eb220bc54282cff75bcbc332a38e8c10a17c487dc8e46,Yes,extract_excel_tables,No,pending,
49,DOC_000050,corpus_data,02_Benchmark_and_Market_Data,README.txt:Zone.Identifier:Zone.Identifier,.identifier,corpus/02_Benchmark_and_Market_Data/README.txt:Zone.Identifier:Zone.Identifier,/home/anurag_sarangi/projects/global_rag_pipeline/global_rag/corpus/02_Benchmark_and_Market_Data/README.txt:Zone.Identifier:Zone.Identifier,25,2026-06-25 17:56:14,b952d24cf701bc4e7a7d21e1ae85c611824e80579a89836c0cb49b193446ccfe,No,unknown,No,pending,
50,DOC_000051,corpus_data,02_Benchmark_and_Market_Data,Enphase_Energy_companyfacts.json:Zone.Identifier,.identifier,corpus/02_Benchmark_and_Market_Data/Enphase_Energy_companyfacts.json:Zone.Identifier,/home/anurag_sarangi/projects/global_rag_pipeline/global_rag/corpus/02_Benchmark_and_Market_Data/Enphase_Energy_companyfacts.json:Zone.Identifier,25,2026-06-25 17:55:39,b952d24cf701bc4e7a7d21e1ae85c611824e80579a89836c0cb49b193446ccfe,No,unknown,No,pending,
51,DOC_000052,corpus_data,02_Benchmark_and_Market_Data,2024_v3_Model_Parameters.csv:Zone.Identifier,.identifier,corpus/02_Benchmark_and_Market_Data/2024_v3_Model_Parameters.csv:Zone.Identifier,/home/anurag_sarangi/projects/global_rag_pipeline/global_rag/corpus/02_Benchmark_and_Market_Data/2024_v3_Model_Parameters.csv:Zone.Identifier,25,2026-06-25 17:56:13,b952d24cf701bc4e7a7d21e1ae85c611824e80579a89836c0cb49b193446ccfe,No,unknown,No,pending,
52,DOC_000053,corpus_data,03_ML_Input_Datasets,synthetic_project_cost_feature_matrix.csv:Zone.Identifier:Zone.Identifier,.identifier,corpus/03_ML_Input_Datasets/synthetic_project_cost_feature_matrix.csv:Zone.Identifier:Zone.Identifier,/home/anurag_sarangi/projects/global_rag_pipeline/global_rag/corpus/03_ML_Input_Datasets/synthetic_project_cost_feature_matrix.csv:Zone.Identifier:Zone.Identifier,25,2026-06-25 17:57:12,b952d24cf701bc4e7a7d21e1ae85c611824e80579a89836c0cb49b193446ccfe,No,unknown,No,pending,
53,DOC_000054,corpus_data,03_ML_Input_Datasets,WDI_001_GDP_Growth_2010_2025.csv:Zone.Identifier,.identifier,corpus/03_ML_Input_Datasets/WDI_001_GDP_Growth_2010_2025.csv:Zone.Identifier,/home/anurag_sarangi/projects/global_rag_pipeline/global_rag/corpus/03_ML_Input_Datasets/WDI_001_GDP_Growth_2010_2025.csv:Zone.Identifier,25,2026-06-25 17:57:29,b952d24cf701bc4e7a7d21e1ae85c611824e80579a89836c0cb49b193446ccfe,No,unknown,No,pending,
54,DOC_000055,corpus_data,03_ML_Input_Datasets,synthetic_project_cost_feature_matrix.csv:Zone.Identifier,.identifier,corpus/03_ML_Input_Datasets/synthetic_project_cost_feature_matrix.csv:Zone.Identifier,/home/anurag_sarangi/projects/global_rag_pipeline/global_rag/corpus/03_ML_Input_Datasets/synthetic_project_cost_feature_matrix.csv:Zone.Identifier,25,2026-06-25 17:23:22,b952d24cf701bc4e7a7d21e1ae85c611824e80579a89836c0cb49b193446ccfe,No,unknown,No,pending,
55,DOC_000056,corpus_data,03_ML_Input_Datasets,synthetic_project_cost_ledger.csv:Zone.Identifier,.identifier,corpus/03_ML_Input_Datasets/synthetic_project_cost_ledger.csv:Zone.Identifier,/home/anurag_sarangi/projects/global_rag_pipeline/global_rag/corpus/03_ML_Input_Datasets/synthetic_project_cost_ledger.csv:Zone.Identifier,25,2026-06-25 17:23:22,b952d24cf701bc4e7a7d21e1ae85c611824e80579a89836c0cb49b193446ccfe,No,unknown,No,pending,
56,DOC_000057,corpus_data,03_ML_Input_Datasets,WDI_002_Inflation_2010_2025.csv:Zone.Identifier,.identifier,corpus/03_ML_Input_Datasets/WDI_002_Inflation_2010_2025.csv:Zone.Identifier,/home/anurag_sarangi/projects/global_rag_pipeline/global_rag/corpus/03_ML_Input_Datasets/WDI_002_Inflation_2010_2025.csv:Zone.Identifier,25,2026-06-25 17:57:20,b952d24cf701bc4e7a7d21e1ae85c611824e80579a89836c0cb49b193446ccfe,No,unknown,No,pending,
57,DOC_000058,corpus_data,03_ML_Input_Datasets,synthetic_project_cost_ledger.csv:Zone.Identifier:Zone.Identifier,.identifier,corpus/03_ML_Input_Datasets/synthetic_project_cost_ledger.csv:Zone.Identifier:Zone.Identifier,/home/anurag_sarangi/projects/global_rag_pipeline/global_rag/corpus/03_ML_Input_Datasets/synthetic_project_cost_ledger.csv:Zone.Identifier:Zone.Identifier,25,2026-06-25 17:57:12,b952d24cf701bc4e7a7d21e1ae85c611824e80579a89836c0cb49b193446ccfe,No,unknown,No,pending,
58,DOC_000059,corpus_data,03_ML_Input_Datasets,synthetic_project_cost_ledger.xlsx:Zone.Identifier:Zone.Identifier,.identifier,corpus/03_ML_Input_Datasets/synthetic_project_cost_ledger.xlsx:Zone.Identifier:Zone.Identifier,/home/anurag_sarangi/projects/global_rag_pipeline/global_rag/corpus/03_ML_Input_Datasets/synthetic_project_cost_ledger.xlsx:Zone.Identifier:Zone.Identifier,25,2026-06-25 17:57:12,b952d24cf701bc4e7a7d21e1ae85c611824e80579a89836c0cb49b193446ccfe,No,unknown,No,pending,
59,DOC_000060,corpus_data,03_ML_Input_Datasets,WDI_004_GDP_Current_USD_2010_2025.csv,.csv,corpus/03_ML_Input_Datasets/WDI_004_GDP_Current_USD_2010_2025.csv,/home/anurag_sarangi/projects/global_rag_pipeline/global_rag/corpus/03_ML_Input_Datasets/WDI_004_GDP_Current_USD_2010_2025.csv,12532,2026-06-25 17:23:22,8e80b111bf945ac1832397f85e77b5b109129799d60831f3a2463e74ecf008c1,Yes,read_csv_table,No,pending,
60,DOC_000061,corpus_data,03_ML_Input_Datasets,README.txt,.txt,corpus/03_ML_Input_Datasets/README.txt,/home/anurag_sarangi/projects/global_rag_pipeline/global_rag/corpus/03_ML_Input_Datasets/README.txt,62,2026-06-25 17:23:22,1909b9d81dec50e875416e3319004ae6aae3aef81916d25b7f90c3f680ddc779,Yes,read_text_file,Yes,pending,
61,DOC_000062,corpus_data,03_ML_Input_Datasets,README.txt:Zone.Identifier,.identifier,corpus/03_ML_Input_Datasets/README.txt:Zone.Identifier,/home/anurag_sarangi/projects/global_rag_pipeline/global_rag/corpus/03_ML_Input_Datasets/README.txt:Zone.Identifier,25,2026-06-25 17:23:22,b952d24cf701bc4e7a7d21e1ae85c611824e80579a89836c0cb49b193446ccfe,No,unknown,No,pending,
62,DOC_000063,corpus_data,03_ML_Input_Datasets,synthetic_project_cost_ledger.xlsx:Zone.Identifier,.identifier,corpus/03_ML_Input_Datasets/synthetic_project_cost_ledger.xlsx:Zone.Identifier,/home/anurag_sarangi/projects/global_rag_pipeline/global_rag/corpus/03_ML_Input_Datasets/synthetic_project_cost_ledger.xlsx:Zone.Identifier,25,2026-06-25 17:23:22,b952d24cf701bc4e7a7d21e1ae85c611824e80579a89836c0cb49b193446ccfe,No,unknown,No,pending,
63,DOC_000064,corpus_data,03_ML_Input_Datasets,WDI_003_Official_Exchange_Rate_2010_2025.csv:Zone.Identifier,.identifier,corpus/03_ML_Input_Datasets/WDI_003_Official_Exchange_Rate_2010_2025.csv:Zone.Identifier,/home/anurag_sarangi/projects/global_rag_pipeline/global_rag/corpus/03_ML_Input_Datasets/WDI_003_Official_Exchange_Rate_2010_2025.csv:Zone.Identifier,25,2026-06-25 17:57:20,b952d24cf701bc4e7a7d21e1ae85c611824e80579a89836c0cb49b193446ccfe,No,unknown,No,pending,
64,DOC_000065,corpus_data,03_ML_Input_Datasets,WDI_004_GDP_Current_USD_2010_2025.csv:Zone.Identifier,.identifier,corpus/03_ML_Input_Datasets/WDI_004_GDP_Current_USD_2010_2025.csv:Zone.Identifier,/home/anurag_sarangi/projects/global_rag_pipeline/global_rag/corpus/03_ML_Input_Datasets/WDI_004_GDP_Current_USD_2010_2025.csv:Zone.Identifier,25,2026-06-25 17:57:20,b952d24cf701bc4e7a7d21e1ae85c611824e80579a89836c0cb49b193446ccfe,No,unknown,No,pending,
65,DOC_000066,corpus_data,03_ML_Input_Datasets,WDI_003_Official_Exchange_Rate_2010_2025.csv,.csv,corpus/03_ML_Input_Datasets/WDI_003_Official_Exchange_Rate_2010_2025.csv,/home/anurag_sarangi/projects/global_rag_pipeline/global_rag/corpus/03_ML_Input_Datasets/WDI_003_Official_Exchange_Rate_2010_2025.csv,17353,2026-06-25 17:23:22,d8a5f41d9aafd0304014b0a0ca5d86c32af70a33635c0edf2468b1886b5b2e30,Yes,read_csv_table,No,pending,
66,DOC_000067,corpus_data,03_ML_Input_Datasets,WDI_001_GDP_Growth_2010_2025.csv,.csv,corpus/03_ML_Input_Datasets/WDI_001_GDP_Growth_2010_2025.csv,/home/anurag_sarangi/projects/global_rag_pipeline/global_rag/corpus/03_ML_Input_Datasets/WDI_001_GDP_Growth_2010_2025.csv,13675,2026-06-25 17:23:22,dea4878b68eb5b25e15ef009cfc12082ebec38087cc382aa2c899da19913dd3d,Yes,read_csv_table,No,pending,
67,DOC_000068,corpus_data,03_ML_Input_Datasets,synthetic_project_cost_feature_matrix.csv,.csv,corpus/03_ML_Input_Datasets/synthetic_project_cost_feature_matrix.csv,/home/anurag_sarangi/projects/global_rag_pipeline/global_rag/corpus/03_ML_Input_Datasets/synthetic_project_cost_feature_matrix.csv,4081,2026-06-25 17:23:22,3b2ad02b3278d3183a709b20dc10dfb422884127829634093e07915a8b667a31,Yes,read_csv_table,No,pending,
68,DOC_000069,corpus_data,03_ML_Input_Datasets,WDI_002_Inflation_2010_2025.csv,.csv,corpus/03_ML_Input_Datasets/WDI_002_Inflation_2010_2025.csv,/home/anurag_sarangi/projects/global_rag_pipeline/global_rag/corpus/03_ML_Input_Datasets/WDI_002_Inflation_2010_2025.csv,16065,2026-06-25 17:23:22,5e0be78cfd3eb441af53a2cab986529157a0ae37e29c9e6b756f3f0c3058170c,Yes,read_csv_table,No,pending,
69,DOC_000070,corpus_data,03_ML_Input_Datasets,synthetic_project_cost_ledger.csv,.csv,corpus/03_ML_Input_Datasets/synthetic_project_cost_ledger.csv,/home/anurag_sarangi/projects/global_rag_pipeline/global_rag/corpus/03_ML_Input_Datasets/synthetic_project_cost_ledger.csv,83884,2026-06-25 17:23:22,cd93848b9e154fd7a27329eb869693cea769a94d3b134eaf11d1574511825ad4,Yes,read_csv_table,No,pending,
70,DOC_000071,corpus_data,03_ML_Input_Datasets,README.txt:Zone.Identifier:Zone.Identifier,.identifier,corpus/03_ML_Input_Datasets/README.txt:Zone.Identifier:Zone.Identifier,/home/anurag_sarangi/projects/global_rag_pipeline/global_rag/corpus/03_ML_Input_Datasets/README.txt:Zone.Identifier:Zone.Identifier,25,2026-06-25 17:57:20,b952d24cf701bc4e7a7d21e1ae85c611824e80579a89836c0cb49b193446ccfe,No,unknown,No,pending,
71,DOC_000072,corpus_data,03_ML_Input_Datasets,synthetic_project_cost_ledger.xlsx,.xlsx,corpus/03_ML_Input_Datasets/synthetic_project_cost_ledger.xlsx,/home/anurag_sarangi/projects/global_rag_pipeline/global_rag/corpus/03_ML_Input_Datasets/synthetic_project_cost_ledger.xlsx,48159,2026-06-25 17:23:22,163f34c144b892f34ad69d54e8452319b75cd27d84a1f8387e230949899f9bb6,Yes,extract_excel_tables,No,pending,
72,DOC_000073,corpus_data,04_Seed_Libraries,completeness_checklist.csv:Zone.Identifier,.identifier,corpus/04_Seed_Libraries/completeness_checklist.csv:Zone.Identifier,/home/anurag_sarangi/projects/global_rag_pipeline/global_rag/corpus/04_Seed_Libraries/completeness_checklist.csv:Zone.Identifier,25,2026-06-25 17:23:22,b952d24cf701bc4e7a7d21e1ae85c611824e80579a89836c0cb49b193446ccfe,No,unknown,No,pending,
73,DOC_000074,corpus_data,04_Seed_Libraries,renewable_energy_risk_taxonomy.csv,.csv,corpus/04_Seed_Libraries/renewable_energy_risk_taxonomy.csv,/home/anurag_sarangi/projects/global_rag_pipeline/global_rag/corpus/04_Seed_Libraries/renewable_energy_risk_taxonomy.csv,2790,2026-06-25 17:23:22,7fb232f498baec3d8bfbd895fa00f2a2c50e48b6ee639e9052562253faf7ffc2,Yes,read_csv_table,No,pending,
74,DOC_000075,corpus_data,04_Seed_Libraries,synthetic_historical_ic_qa.csv,.csv,corpus/04_Seed_Libraries/synthetic_historical_ic_qa.csv,/home/anurag_sarangi/projects/global_rag_pipeline/global_rag/corpus/04_Seed_Libraries/synthetic_historical_ic_qa.csv,41675,2026-06-25 17:23:22,b191818dcf1a629c71c3e7408b1e706bb64fc1e3b6d1531ccbd9203c8e5e62e1,Yes,read_csv_table,No,pending,
75,DOC_000076,corpus_data,04_Seed_Libraries,completeness_checklist.csv:Zone.Identifier:Zone.Identifier,.identifier,corpus/04_Seed_Libraries/completeness_checklist.csv:Zone.Identifier:Zone.Identifier,/home/anurag_sarangi/projects/global_rag_pipeline/global_rag/corpus/04_Seed_Libraries/completeness_checklist.csv:Zone.Identifier:Zone.Identifier,25,2026-06-25 17:47:45,b952d24cf701bc4e7a7d21e1ae85c611824e80579a89836c0cb49b193446ccfe,No,unknown,No,pending,
76,DOC_000077,corpus_data,04_Seed_Libraries,renewable_energy_risk_taxonomy.csv:Zone.Identifier:Zone.Identifier,.identifier,corpus/04_Seed_Libraries/renewable_energy_risk_taxonomy.csv:Zone.Identifier:Zone.Identifier,/home/anurag_sarangi/projects/global_rag_pipeline/global_rag/corpus/04_Seed_Libraries/renewable_energy_risk_taxonomy.csv:Zone.Identifier:Zone.Identifier,25,2026-06-25 17:47:45,b952d24cf701bc4e7a7d21e1ae85c611824e80579a89836c0cb49b193446ccfe,No,unknown,No,pending,
77,DOC_000078,corpus_data,04_Seed_Libraries,synthetic_historical_ic_qa.csv:Zone.Identifier:Zone.Identifier,.identifier,corpus/04_Seed_Libraries/synthetic_historical_ic_qa.csv:Zone.Identifier:Zone.Identifier,/home/anurag_sarangi/projects/global_rag_pipeline/global_rag/corpus/04_Seed_Libraries/synthetic_historical_ic_qa.csv:Zone.Identifier:Zone.Identifier,25,2026-06-25 17:47:45,b952d24cf701bc4e7a7d21e1ae85c611824e80579a89836c0cb49b193446ccfe,No,unknown,No,pending,
78,DOC_000079,corpus_data,04_Seed_Libraries,completeness_checklist.csv,.csv,corpus/04_Seed_Libraries/completeness_checklist.csv,/home/anurag_sarangi/projects/global_rag_pipeline/global_rag/corpus/04_Seed_Libraries/completeness_checklist.csv,2394,2026-06-25 17:23:22,1f7f3b21bd32b69e1feafcfbb67f0380165a1dee7bb84bd06331fab4f40b23ca,Yes,read_csv_table,No,pending,
79,DOC_000080,corpus_data,04_Seed_Libraries,renewable_energy_risk_taxonomy.csv:Zone.Identifier,.identifier,corpus/04_Seed_Libraries/renewable_energy_risk_taxonomy.csv:Zone.Identifier,/home/anurag_sarangi/projects/global_rag_pipeline/global_rag/corpus/04_Seed_Libraries/renewable_energy_risk_taxonomy.csv:Zone.Identifier,25,2026-06-25 17:23:22,b952d24cf701bc4e7a7d21e1ae85c611824e80579a89836c0cb49b193446ccfe,No,unknown,No,pending,
80,DOC_000081,corpus_data,04_Seed_Libraries,synthetic_historical_ic_qa.csv:Zone.Identifier,.identifier,corpus/04_Seed_Libraries/synthetic_historical_ic_qa.csv:Zone.Identifier,/home/anurag_sarangi/projects/global_rag_pipeline/global_rag/corpus/04_Seed_Libraries/synthetic_historical_ic_qa.csv:Zone.Identifier,25,2026-06-25 17:23:22,b952d24cf701bc4e7a7d21e1ae85c611824e80579a89836c0cb49b193446ccfe,No,unknown,No,pending,
81,DOC_000082,corpus_data,01_RAG_Public_Deal_Documents,ADB_Guzar_Solar_BESS_ESIA_Part_4.pdf:Zone.Identifier,.identifier,corpus/01_RAG_Public_Deal_Documents/ADB_Guzar_Solar_BESS_ESIA_Part_4.pdf:Zone.Identifier,/home/anurag_sarangi/projects/global_rag_pipeline/global_rag/corpus/01_RAG_Public_Deal_Documents/ADB_Guzar_Solar_BESS_ESIA_Part_4.pdf:Zone.Identifier,25,2026-06-25 17:23:22,b952d24cf701bc4e7a7d21e1ae85c611824e80579a89836c0cb49b193446ccfe,No,unknown,No,pending,
82,DOC_000083,corpus_data,01_RAG_Public_Deal_Documents,First_Solar_submissions.json,.json,corpus/01_RAG_Public_Deal_Documents/First_Solar_submissions.json,/home/anurag_sarangi/projects/global_rag_pipeline/global_rag/corpus/01_RAG_Public_Deal_Documents/First_Solar_submissions.json,318399,2026-06-25 17:23:23,818281639304937721cbd358d0526666a05f93c32f5900b1433d41f6d23a8d3d,Yes,read_json_file,Yes,pending,
83,DOC_000084,corpus_data,01_RAG_Public_Deal_Documents,IFC_IndiGrid_BESS_ESRS.metadata.json:Zone.Identifier,.identifier,corpus/01_RAG_Public_Deal_Documents/IFC_IndiGrid_BESS_ESRS.metadata.json:Zone.Identifier,/home/anurag_sarangi/projects/global_rag_pipeline/global_rag/corpus/01_RAG_Public_Deal_Documents/IFC_IndiGrid_BESS_ESRS.metadata.json:Zone.Identifier,25,2026-06-25 17:54:44,b952d24cf701bc4e7a7d21e1ae85c611824e80579a89836c0cb49b193446ccfe,No,unknown,No,pending,
84,DOC_000085,corpus_data,01_RAG_Public_Deal_Documents,Enphase_Energy_Latest_10K.html:Zone.Identifier,.identifier,corpus/01_RAG_Public_Deal_Documents/Enphase_Energy_Latest_10K.html:Zone.Identifier,/home/anurag_sarangi/projects/global_rag_pipeline/global_rag/corpus/01_RAG_Public_Deal_Documents/Enphase_Energy_Latest_10K.html:Zone.Identifier,25,2026-06-25 17:54:53,b952d24cf701bc4e7a7d21e1ae85c611824e80579a89836c0cb49b193446ccfe,No,unknown,No,pending,
85,DOC_000086,corpus_data,01_RAG_Public_Deal_Documents,ADB_Gulf_Solar_BESS_Project_Page.pdf:Zone.Identifier,.identifier,corpus/01_RAG_Public_Deal_Documents/ADB_Gulf_Solar_BESS_Project_Page.pdf:Zone.Identifier,/home/anurag_sarangi/projects/global_rag_pipeline/global_rag/corpus/01_RAG_Public_Deal_Documents/ADB_Gulf_Solar_BESS_Project_Page.pdf:Zone.Identifier,25,2026-06-25 17:23:22,b952d24cf701bc4e7a7d21e1ae85c611824e80579a89836c0cb49b193446ccfe,No,unknown,No,pending,
86,DOC_000087,corpus_data,01_RAG_Public_Deal_Documents,ADB_Energy_Storage_Green_Hydrogen_Project_Page.pdf,.pdf,corpus/01_RAG_Public_Deal_Documents/ADB_Energy_Storage_Green_Hydrogen_Project_Page.pdf,/home/anurag_sarangi/projects/global_rag_pipeline/global_rag/corpus/01_RAG_Public_Deal_Documents/ADB_Energy_Storage_Green_Hydrogen_Project_Page.pdf,355072,2026-06-25 17:23:22,8819d42683a374bbe9210e514839977677ed83259ce234a68b173e5fd94debf2,Yes,extract_pdf_text,Yes,pending,
87,DOC_000088,corpus_data,01_RAG_Public_Deal_Documents,IFC_IndiGrid_BESS_ESRS.html,.html,corpus/01_RAG_Public_Deal_Documents/IFC_IndiGrid_BESS_ESRS.html,/home/anurag_sarangi/projects/global_rag_pipeline/global_rag/corpus/01_RAG_Public_Deal_Documents/IFC_IndiGrid_BESS_ESRS.html,128607,2026-06-25 17:23:23,3ec905af2723ca7a6b04c0cbe9fc11c71e6f5bfe7ccf2acdcbe2a52a453c2a11,Yes,read_html_file,Yes,pending,
88,DOC_000089,corpus_data,01_RAG_Public_Deal_Documents,ADB_Gulf_Solar_BESS_Project_Page.pdf:Zone.Identifier:Zone.Identifier,.identifier,corpus/01_RAG_Public_Deal_Documents/ADB_Gulf_Solar_BESS_Project_Page.pdf:Zone.Identifier:Zone.Identifier,/home/anurag_sarangi/projects/global_rag_pipeline/global_rag/corpus/01_RAG_Public_Deal_Documents/ADB_Gulf_Solar_BESS_Project_Page.pdf:Zone.Identifier:Zone.Identifier,25,2026-06-25 17:54:27,b952d24cf701bc4e7a7d21e1ae85c611824e80579a89836c0cb49b193446ccfe,No,unknown,No,pending,
89,DOC_000090,corpus_data,01_RAG_Public_Deal_Documents,ADB_Floating_Solar_Project_Page.pdf,.pdf,corpus/01_RAG_Public_Deal_Documents/ADB_Floating_Solar_Project_Page.pdf,/home/anurag_sarangi/projects/global_rag_pipeline/global_rag/corpus/01_RAG_Public_Deal_Documents/ADB_Floating_Solar_Project_Page.pdf,402782,2026-06-25 17:23:22,a0f31adb1b3e0caaa6f8d6294f7bf5e6f04257582666066fbe04726f1c26d556,Yes,extract_pdf_text,Yes,pending,
90,DOC_000091,corpus_data,01_RAG_Public_Deal_Documents,Ormat_Technologies_Latest_10K.html:Zone.Identifier,.identifier,corpus/01_RAG_Public_Deal_Documents/Ormat_Technologies_Latest_10K.html:Zone.Identifier,/home/anurag_sarangi/projects/global_rag_pipeline/global_rag/corpus/01_RAG_Public_Deal_Documents/Ormat_Technologies_Latest_10K.html:Zone.Identifier,25,2026-06-25 17:54:53,b952d24cf701bc4e7a7d21e1ae85c611824e80579a89836c0cb49b193446ccfe,No,unknown,No,pending,
91,DOC_000092,corpus_data,01_RAG_Public_Deal_Documents,Ormat_Technologies_submissions.json,.json,corpus/01_RAG_Public_Deal_Documents/Ormat_Technologies_submissions.json,/home/anurag_sarangi/projects/global_rag_pipeline/global_rag/corpus/01_RAG_Public_Deal_Documents/Ormat_Technologies_submissions.json,318981,2026-06-25 17:23:23,90b8ec8613962b6285451783558bd895ce5d45e358fe4673c3cca7dd8e4c2682,Yes,read_json_file,Yes,pending,
92,DOC_000093,corpus_data,01_RAG_Public_Deal_Documents,ADB_Gulf_Solar_BESS_SCAR.pdf:Zone.Identifier,.identifier,corpus/01_RAG_Public_Deal_Documents/ADB_Gulf_Solar_BESS_SCAR.pdf:Zone.Identifier,/home/anurag_sarangi/projects/global_rag_pipeline/global_rag/corpus/01_RAG_Public_Deal_Documents/ADB_Gulf_Solar_BESS_SCAR.pdf:Zone.Identifier,25,2026-06-25 17:23:22,b952d24cf701bc4e7a7d21e1ae85c611824e80579a89836c0cb49b193446ccfe,No,unknown,No,pending,
93,DOC_000094,corpus_data,01_RAG_Public_Deal_Documents,AES_Corporation_submissions.json,.json,corpus/01_RAG_Public_Deal_Documents/AES_Corporation_submissions.json,/home/anurag_sarangi/projects/global_rag_pipeline/global_rag/corpus/01_RAG_Public_Deal_Documents/AES_Corporation_submissions.json,322675,2026-06-25 17:23:23,758f16f729c9ff00f796a7a698fa5b4ac00da6a94cb03b84c3bf948c25b47e6a,Yes,read_json_file,Yes,pending,
94,DOC_000095,corpus_data,01_RAG_Public_Deal_Documents,ADB_Gulf_Solar_BESS_IEE.pdf,.pdf,corpus/01_RAG_Public_Deal_Documents/ADB_Gulf_Solar_BESS_IEE.pdf,/home/anurag_sarangi/projects/global_rag_pipeline/global_rag/corpus/01_RAG_Public_Deal_Documents/ADB_Gulf_Solar_BESS_IEE.pdf,39953267,2026-06-25 17:23:23,8820170010ecdcd5d7df2ec18778f193f42ce56a0f3aacd14a710947836b82e1,Yes,extract_pdf_text,Yes,pending,
95,DOC_000096,corpus_data,01_RAG_Public_Deal_Documents,IFC_PCR_Renewables_SII.html,.html,corpus/01_RAG_Public_Deal_Documents/IFC_PCR_Renewables_SII.html,/home/anurag_sarangi/projects/global_rag_pipeline/global_rag/corpus/01_RAG_Public_Deal_Documents/IFC_PCR_Renewables_SII.html,93476,2026-06-25 17:23:23,20f716e972069643fc95aa0609417f7ab48c777cfbbdb7eafae0318585c5147a,Yes,read_html_file,Yes,pending,
96,DOC_000097,corpus_data,01_RAG_Public_Deal_Documents,IFC_PCR_Renewables_SII.metadata.json:Zone.Identifier,.identifier,corpus/01_RAG_Public_Deal_Documents/IFC_PCR_Renewables_SII.metadata.json:Zone.Identifier,/home/anurag_sarangi/projects/global_rag_pipeline/global_rag/corpus/01_RAG_Public_Deal_Documents/IFC_PCR_Renewables_SII.metadata.json:Zone.Identifier,25,2026-06-25 17:54:44,b952d24cf701bc4e7a7d21e1ae85c611824e80579a89836c0cb49b193446ccfe,No,unknown,No,pending,
97,DOC_000098,corpus_data,01_RAG_Public_Deal_Documents,ADB_Utility_Scale_BESS_Project_Page.pdf:Zone.Identifier,.identifier,corpus/01_RAG_Public_Deal_Documents/ADB_Utility_Scale_BESS_Project_Page.pdf:Zone.Identifier,/home/anurag_sarangi/projects/global_rag_pipeline/global_rag/corpus/01_RAG_Public_Deal_Documents/ADB_Utility_Scale_BESS_Project_Page.pdf:Zone.Identifier,25,2026-06-25 17:23:23,b952d24cf701bc4e7a7d21e1ae85c611824e80579a89836c0cb49b193446ccfe,No,unknown,No,pending,
98,DOC_000099,corpus_data,01_RAG_Public_Deal_Documents,ADB_Guzar_Solar_BESS_ESIA_Part_4.pdf,.pdf,corpus/01_RAG_Public_Deal_Documents/ADB_Guzar_Solar_BESS_ESIA_Part_4.pdf,/home/anurag_sarangi/projects/global_rag_pipeline/global_rag/corpus/01_RAG_Public_Deal_Documents/ADB_Guzar_Solar_BESS_ESIA_Part_4.pdf,4969724,2026-06-25 17:23:23,5d0c4918d8a99ce732c8254a191e7a234c3f187d768fe4fb33731d340b510f2f,Yes,extract_pdf_text,Yes,pending,
99,DOC_000100,corpus_data,01_RAG_Public_Deal_Documents,Ormat_Technologies_submissions.json:Zone.Identifier,.identifier,corpus/01_RAG_Public_Deal_Documents/Ormat_Technologies_submissions.json:Zone.Identifier,/home/anurag_sarangi/projects/global_rag_pipeline/global_rag/corpus/01_RAG_Public_Deal_Documents/Ormat_Technologies_submissions.json:Zone.Identifier,25,2026-06-25 17:54:53,b952d24cf701bc4e7a7d21e1ae85c611824e80579a89836c0cb49b193446ccfe,No,unknown,No,pending,
100,DOC_000101,corpus_data,01_RAG_Public_Deal_Documents,IFC_FRV_Solar_India_SII.html,.html,corpus/01_RAG_Public_Deal_Documents/IFC_FRV_Solar_India_SII.html,/home/anurag_sarangi/projects/global_rag_pipeline/global_rag/corpus/01_RAG_Public_Deal_Documents/IFC_FRV_Solar_India_SII.html,100317,2026-06-25 17:23:23,b168a1ed2b57cb9c0539bfd2b47b000a064088c9f0bde576193aac95337672ab,Yes,read_html_file,Yes,pending,
101,DOC_000102,corpus_data,01_RAG_Public_Deal_Documents,ADB_Gulf_Solar_BESS_IEE.pdf:Zone.Identifier:Zone.Identifier,.identifier,corpus/01_RAG_Public_Deal_Documents/ADB_Gulf_Solar_BESS_IEE.pdf:Zone.Identifier:Zone.Identifier,/home/anurag_sarangi/projects/global_rag_pipeline/global_rag/corpus/01_RAG_Public_Deal_Documents/ADB_Gulf_Solar_BESS_IEE.pdf:Zone.Identifier:Zone.Identifier,25,2026-06-25 17:54:27,b952d24cf701bc4e7a7d21e1ae85c611824e80579a89836c0cb49b193446ccfe,No,unknown,No,pending,
102,DOC_000103,corpus_data,01_RAG_Public_Deal_Documents,ADB_Energy_Storage_Green_Hydrogen_Project_Page.pdf:Zone.Identifier:Zone.Identifier,.identifier,corpus/01_RAG_Public_Deal_Documents/ADB_Energy_Storage_Green_Hydrogen_Project_Page.pdf:Zone.Identifier:Zone.Identifier,/home/anurag_sarangi/projects/global_rag_pipeline/global_rag/corpus/01_RAG_Public_Deal_Documents/ADB_Energy_Storage_Green_Hydrogen_Project_Page.pdf:Zone.Identifier:Zone.Identifier,25,2026-06-25 17:54:27,b952d24cf701bc4e7a7d21e1ae85c611824e80579a89836c0cb49b193446ccfe,No,unknown,No,pending,
103,DOC_000104,corpus_data,01_RAG_Public_Deal_Documents,ADB_Gulf_Solar_BESS_Project_Page.pdf,.pdf,corpus/01_RAG_Public_Deal_Documents/ADB_Gulf_Solar_BESS_Project_Page.pdf,/home/anurag_sarangi/projects/global_rag_pipeline/global_rag/corpus/01_RAG_Public_Deal_Documents/ADB_Gulf_Solar_BESS_Project_Page.pdf,352416,2026-06-25 17:23:23,e87b348a972c5175fcc6c22d8ecd6503d2a79311a0516e888f0c15d5320f0964,Yes,extract_pdf_text,Yes,pending,
104,DOC_000105,corpus_data,01_RAG_Public_Deal_Documents,First_Solar_submissions.json:Zone.Identifier,.identifier,corpus/01_RAG_Public_Deal_Documents/First_Solar_submissions.json:Zone.Identifier,/home/anurag_sarangi/projects/global_rag_pipeline/global_rag/corpus/01_RAG_Public_Deal_Documents/First_Solar_submissions.json:Zone.Identifier,25,2026-06-25 17:54:53,b952d24cf701bc4e7a7d21e1ae85c611824e80579a89836c0cb49b193446ccfe,No,unknown,No,pending,
105,DOC_000106,corpus_data,01_RAG_Public_Deal_Documents,README.txt,.txt,corpus/01_RAG_Public_Deal_Documents/README.txt,/home/anurag_sarangi/projects/global_rag_pipeline/global_rag/corpus/01_RAG_Public_Deal_Documents/README.txt,103,2026-06-25 17:23:23,7a2af7c1ce0b9c1cf7f1958d5de99a3fc7573e1f625270a77ea6e53be965759e,Yes,read_text_file,Yes,pending,
106,DOC_000107,corpus_data,01_RAG_Public_Deal_Documents,ADB_Floating_Solar_Project_Page.pdf:Zone.Identifier:Zone.Identifier,.identifier,corpus/01_RAG_Public_Deal_Documents/ADB_Floating_Solar_Project_Page.pdf:Zone.Identifier:Zone.Identifier,/home/anurag_sarangi/projects/global_rag_pipeline/global_rag/corpus/01_RAG_Public_Deal_Documents/ADB_Floating_Solar_Project_Page.pdf:Zone.Identifier:Zone.Identifier,25,2026-06-25 17:54:27,b952d24cf701bc4e7a7d21e1ae85c611824e80579a89836c0cb49b193446ccfe,No,unknown,No,pending,
107,DOC_000108,corpus_data,01_RAG_Public_Deal_Documents,ADB_Gulf_Solar_BESS_SCAR.pdf,.pdf,corpus/01_RAG_Public_Deal_Documents/ADB_Gulf_Solar_BESS_SCAR.pdf,/home/anurag_sarangi/projects/global_rag_pipeline/global_rag/corpus/01_RAG_Public_Deal_Documents/ADB_Gulf_Solar_BESS_SCAR.pdf,2780527,2026-06-25 17:23:23,91789b8da84d16472e4a80ff438c900f442c40b2c93e0d459e6ca6d53c608f9b,Yes,extract_pdf_text,Yes,pending,
108,DOC_000109,corpus_data,01_RAG_Public_Deal_Documents,ADB_Guzar_Solar_BESS_ESIA_Part_2.pdf:Zone.Identifier,.identifier,corpus/01_RAG_Public_Deal_Documents/ADB_Guzar_Solar_BESS_ESIA_Part_2.pdf:Zone.Identifier,/home/anurag_sarangi/projects/global_rag_pipeline/global_rag/corpus/01_RAG_Public_Deal_Documents/ADB_Guzar_Solar_BESS_ESIA_Part_2.pdf:Zone.Identifier,25,2026-06-25 17:23:23,b952d24cf701bc4e7a7d21e1ae85c611824e80579a89836c0cb49b193446ccfe,No,unknown,No,pending,
109,DOC_000110,corpus_data,01_RAG_Public_Deal_Documents,IFC_Elementum_Debt_SII.html:Zone.Identifier,.identifier,corpus/01_RAG_Public_Deal_Documents/IFC_Elementum_Debt_SII.html:Zone.Identifier,/home/anurag_sarangi/projects/global_rag_pipeline/global_rag/corpus/01_RAG_Public_Deal_Documents/IFC_Elementum_Debt_SII.html:Zone.Identifier,25,2026-06-25 17:54:44,b952d24cf701bc4e7a7d21e1ae85c611824e80579a89836c0cb49b193446ccfe,No,unknown,No,pending,
110,DOC_000111,corpus_data,01_RAG_Public_Deal_Documents,README.txt:Zone.Identifier,.identifier,corpus/01_RAG_Public_Deal_Documents/README.txt:Zone.Identifier,/home/anurag_sarangi/projects/global_rag_pipeline/global_rag/corpus/01_RAG_Public_Deal_Documents/README.txt:Zone.Identifier,25,2026-06-25 17:23:23,b952d24cf701bc4e7a7d21e1ae85c611824e80579a89836c0cb49b193446ccfe,No,unknown,No,pending,
111,DOC_000112,corpus_data,01_RAG_Public_Deal_Documents,ADB_Utility_Scale_BESS_Project_Printable.pdf,.pdf,corpus/01_RAG_Public_Deal_Documents/ADB_Utility_Scale_BESS_Project_Printable.pdf,/home/anurag_sarangi/projects/global_rag_pipeline/global_rag/corpus/01_RAG_Public_Deal_Documents/ADB_Utility_Scale_BESS_Project_Printable.pdf,32252,2026-06-25 17:23:23,cf812d0513ccafa9376a61c14e7a7a23f0a886396fb5fd531c25a854b395c87a,Yes,extract_pdf_text,Yes,pending,
112,DOC_000113,corpus_data,01_RAG_Public_Deal_Documents,IFC_Azure_RG_Project_SII.metadata.json:Zone.Identifier,.identifier,corpus/01_RAG_Public_Deal_Documents/IFC_Azure_RG_Project_SII.metadata.json:Zone.Identifier,/home/anurag_sarangi/projects/global_rag_pipeline/global_rag/corpus/01_RAG_Public_Deal_Documents/IFC_Azure_RG_Project_SII.metadata.json:Zone.Identifier,25,2026-06-25 17:54:44,b952d24cf701bc4e7a7d21e1ae85c611824e80579a89836c0cb49b193446ccfe,No,unknown,No,pending,
113,DOC_000114,corpus_data,01_RAG_Public_Deal_Documents,IFC_Azure_RG_Project_SII.html,.html,corpus/01_RAG_Public_Deal_Documents/IFC_Azure_RG_Project_SII.html,/home/anurag_sarangi/projects/global_rag_pipeline/global_rag/corpus/01_RAG_Public_Deal_Documents/IFC_Azure_RG_Project_SII.html,90656,2026-06-25 17:23:23,892049e4524442235991bf3ed81d7ebeed56cda2506667971a3f3783e18fe762,Yes,read_html_file,Yes,pending,
114,DOC_000115,corpus_data,01_RAG_Public_Deal_Documents,ADB_Utility_Scale_BESS_Project_Page.pdf,.pdf,corpus/01_RAG_Public_Deal_Documents/ADB_Utility_Scale_BESS_Project_Page.pdf,/home/anurag_sarangi/projects/global_rag_pipeline/global_rag/corpus/01_RAG_Public_Deal_Documents/ADB_Utility_Scale_BESS_Project_Page.pdf,358972,2026-06-25 17:23:23,15bdd9d3bc19c578463367b287d406a46db573a8d60c0f8f83bb7973e42841fa,Yes,extract_pdf_text,Yes,pending,
115,DOC_000116,corpus_data,01_RAG_Public_Deal_Documents,ADB_Guzar_Solar_BESS_Project_Page.pdf,.pdf,corpus/01_RAG_Public_Deal_Documents/ADB_Guzar_Solar_BESS_Project_Page.pdf,/home/anurag_sarangi/projects/global_rag_pipeline/global_rag/corpus/01_RAG_Public_Deal_Documents/ADB_Guzar_Solar_BESS_Project_Page.pdf,354488,2026-06-25 17:23:23,c7f630c42d89ddd3fad7da9eeb56443ec5e4916f9b7bf0dcd8340b7580a1d80e,Yes,extract_pdf_text,Yes,pending,
116,DOC_000117,corpus_data,01_RAG_Public_Deal_Documents,AES_Corporation_Latest_10K.html,.html,corpus/01_RAG_Public_Deal_Documents/AES_Corporation_Latest_10K.html,/home/anurag_sarangi/projects/global_rag_pipeline/global_rag/corpus/01_RAG_Public_Deal_Documents/AES_Corporation_Latest_10K.html,6595646,2026-06-25 17:23:23,c8aa49d57c717ec3c85c0097368952121bd20b928275ed80262fd38ea75c9598,Yes,read_html_file,Yes,pending,
117,DOC_000118,corpus_data,01_RAG_Public_Deal_Documents,First_Solar_Latest_10K.html:Zone.Identifier,.identifier,corpus/01_RAG_Public_Deal_Documents/First_Solar_Latest_10K.html:Zone.Identifier,/home/anurag_sarangi/projects/global_rag_pipeline/global_rag/corpus/01_RAG_Public_Deal_Documents/First_Solar_Latest_10K.html:Zone.Identifier,25,2026-06-25 17:54:53,b952d24cf701bc4e7a7d21e1ae85c611824e80579a89836c0cb49b193446ccfe,No,unknown,No,pending,
118,DOC_000119,corpus_data,01_RAG_Public_Deal_Documents,ADB_Guzar_Solar_BESS_ESIA_Part_2.pdf,.pdf,corpus/01_RAG_Public_Deal_Documents/ADB_Guzar_Solar_BESS_ESIA_Part_2.pdf,/home/anurag_sarangi/projects/global_rag_pipeline/global_rag/corpus/01_RAG_Public_Deal_Documents/ADB_Guzar_Solar_BESS_ESIA_Part_2.pdf,4130368,2026-06-25 17:23:23,37ad8d64c15643ab530f5487c328e9f74782b56456a22f6d3f85d0cda20bf179,Yes,extract_pdf_text,Yes,pending,
119,DOC_000120,corpus_data,01_RAG_Public_Deal_Documents,IFC_FP_Energy_EF_SII.metadata.json:Zone.Identifier,.identifier,corpus/01_RAG_Public_Deal_Documents/IFC_FP_Energy_EF_SII.metadata.json:Zone.Identifier,/home/anurag_sarangi/projects/global_rag_pipeline/global_rag/corpus/01_RAG_Public_Deal_Documents/IFC_FP_Energy_EF_SII.metadata.json:Zone.Identifier,25,2026-06-25 17:54:44,b952d24cf701bc4e7a7d21e1ae85c611824e80579a89836c0cb49b193446ccfe,No,unknown,No,pending,
120,DOC_000121,corpus_data,01_RAG_Public_Deal_Documents,IFC_Elementum_Debt_SII.html,.html,corpus/01_RAG_Public_Deal_Documents/IFC_Elementum_Debt_SII.html,/home/anurag_sarangi/projects/global_rag_pipeline/global_rag/corpus/01_RAG_Public_Deal_Documents/IFC_Elementum_Debt_SII.html,93819,2026-06-25 17:23:23,80c57e66de7db740ff510a82e9dcf46d55d127758a8afc51427fc168fce600cf,Yes,read_html_file,Yes,pending,
121,DOC_000122,corpus_data,01_RAG_Public_Deal_Documents,ADB_Utility_Scale_BESS_Project_Printable.pdf:Zone.Identifier:Zone.Identifier,.identifier,corpus/01_RAG_Public_Deal_Documents/ADB_Utility_Scale_BESS_Project_Printable.pdf:Zone.Identifier:Zone.Identifier,/home/anurag_sarangi/projects/global_rag_pipeline/global_rag/corpus/01_RAG_Public_Deal_Documents/ADB_Utility_Scale_BESS_Project_Printable.pdf:Zone.Identifier:Zone.Identifier,25,2026-06-25 17:54:27,b952d24cf701bc4e7a7d21e1ae85c611824e80579a89836c0cb49b193446ccfe,No,unknown,No,pending,
122,DOC_000123,corpus_data,01_RAG_Public_Deal_Documents,NextEra_Energy_Latest_10K.html,.html,corpus/01_RAG_Public_Deal_Documents/NextEra_Energy_Latest_10K.html,/home/anurag_sarangi/projects/global_rag_pipeline/global_rag/corpus/01_RAG_Public_Deal_Documents/NextEra_Energy_Latest_10K.html,4642190,2026-06-25 17:23:23,047d81ee6c7dac5dffaae69fa1cd2523c7d4d402fcf562fa8ad38aa9e2c32b4d,Yes,read_html_file,Yes,pending,
123,DOC_000124,corpus_data,01_RAG_Public_Deal_Documents,ADB_Gulf_Solar_BESS_SCAR.pdf:Zone.Identifier:Zone.Identifier,.identifier,corpus/01_RAG_Public_Deal_Documents/ADB_Gulf_Solar_BESS_SCAR.pdf:Zone.Identifier:Zone.Identifier,/home/anurag_sarangi/projects/global_rag_pipeline/global_rag/corpus/01_RAG_Public_Deal_Documents/ADB_Gulf_Solar_BESS_SCAR.pdf:Zone.Identifier:Zone.Identifier,25,2026-06-25 17:54:27,b952d24cf701bc4e7a7d21e1ae85c611824e80579a89836c0cb49b193446ccfe,No,unknown,No,pending,
124,DOC_000125,corpus_data,01_RAG_Public_Deal_Documents,IFC_Candi_Solar_CI_SII.html:Zone.Identifier,.identifier,corpus/01_RAG_Public_Deal_Documents/IFC_Candi_Solar_CI_SII.html:Zone.Identifier,/home/anurag_sarangi/projects/global_rag_pipeline/global_rag/corpus/01_RAG_Public_Deal_Documents/IFC_Candi_Solar_CI_SII.html:Zone.Identifier,25,2026-06-25 17:54:44,b952d24cf701bc4e7a7d21e1ae85c611824e80579a89836c0cb49b193446ccfe,No,unknown,No,pending,
125,DOC_000126,corpus_data,01_RAG_Public_Deal_Documents,ADB_Floating_Solar_Project_Page.pdf:Zone.Identifier,.identifier,corpus/01_RAG_Public_Deal_Documents/ADB_Floating_Solar_Project_Page.pdf:Zone.Identifier,/home/anurag_sarangi/projects/global_rag_pipeline/global_rag/corpus/01_RAG_Public_Deal_Documents/ADB_Floating_Solar_Project_Page.pdf:Zone.Identifier,25,2026-06-25 17:23:23,b952d24cf701bc4e7a7d21e1ae85c611824e80579a89836c0cb49b193446ccfe,No,unknown,No,pending,
126,DOC_000127,corpus_data,01_RAG_Public_Deal_Documents,ADB_Utility_Scale_BESS_Project_Printable.pdf:Zone.Identifier,.identifier,corpus/01_RAG_Public_Deal_Documents/ADB_Utility_Scale_BESS_Project_Printable.pdf:Zone.Identifier,/home/anurag_sarangi/projects/global_rag_pipeline/global_rag/corpus/01_RAG_Public_Deal_Documents/ADB_Utility_Scale_BESS_Project_Printable.pdf:Zone.Identifier,25,2026-06-25 17:23:23,b952d24cf701bc4e7a7d21e1ae85c611824e80579a89836c0cb49b193446ccfe,No,unknown,No,pending,
127,DOC_000128,corpus_data,01_RAG_Public_Deal_Documents,ADB_Gulf_Solar_BESS_IEE.pdf:Zone.Identifier,.identifier,corpus/01_RAG_Public_Deal_Documents/ADB_Gulf_Solar_BESS_IEE.pdf:Zone.Identifier,/home/anurag_sarangi/projects/global_rag_pipeline/global_rag/corpus/01_RAG_Public_Deal_Documents/ADB_Gulf_Solar_BESS_IEE.pdf:Zone.Identifier,25,2026-06-25 17:23:23,b952d24cf701bc4e7a7d21e1ae85c611824e80579a89836c0cb49b193446ccfe,No,unknown,No,pending,
128,DOC_000129,corpus_data,01_RAG_Public_Deal_Documents,IFC_IndiGrid_BESS_ESRS.metadata.json,.json,corpus/01_RAG_Public_Deal_Documents/IFC_IndiGrid_BESS_ESRS.metadata.json,/home/anurag_sarangi/projects/global_rag_pipeline/global_rag/corpus/01_RAG_Public_Deal_Documents/IFC_IndiGrid_BESS_ESRS.metadata.json,460,2026-06-25 17:23:23,8929cfc9b7d1c186038410af081ce7c3ae2f25c8f5d0141009b2065f8c4c2e9c,Yes,read_json_file,Yes,pending,
129,DOC_000130,corpus_data,01_RAG_Public_Deal_Documents,Enphase_Energy_submissions.json:Zone.Identifier,.identifier,corpus/01_RAG_Public_Deal_Documents/Enphase_Energy_submissions.json:Zone.Identifier,/home/anurag_sarangi/projects/global_rag_pipeline/global_rag/corpus/01_RAG_Public_Deal_Documents/Enphase_Energy_submissions.json:Zone.Identifier,25,2026-06-25 17:54:53,b952d24cf701bc4e7a7d21e1ae85c611824e80579a89836c0cb49b193446ccfe,No,unknown,No,pending,
130,DOC_000131,corpus_data,01_RAG_Public_Deal_Documents,IFC_FP_Energy_EF_SII.metadata.json,.json,corpus/01_RAG_Public_Deal_Documents/IFC_FP_Energy_EF_SII.metadata.json,/home/anurag_sarangi/projects/global_rag_pipeline/global_rag/corpus/01_RAG_Public_Deal_Documents/IFC_FP_Energy_EF_SII.metadata.json,456,2026-06-25 17:23:23,337d18324fc400dccd0e96dffcbfbb8f8d1b3925ff76279afb07d756c1381264,Yes,read_json_file,Yes,pending,
131,DOC_000132,corpus_data,01_RAG_Public_Deal_Documents,ADB_Guzar_Solar_BESS_ESIA_Part_4.pdf:Zone.Identifier:Zone.Identifier,.identifier,corpus/01_RAG_Public_Deal_Documents/ADB_Guzar_Solar_BESS_ESIA_Part_4.pdf:Zone.Identifier:Zone.Identifier,/home/anurag_sarangi/projects/global_rag_pipeline/global_rag/corpus/01_RAG_Public_Deal_Documents/ADB_Guzar_Solar_BESS_ESIA_Part_4.pdf:Zone.Identifier:Zone.Identifier,25,2026-06-25 17:54:27,b952d24cf701bc4e7a7d21e1ae85c611824e80579a89836c0cb49b193446ccfe,No,unknown,No,pending,
132,DOC_000133,corpus_data,01_RAG_Public_Deal_Documents,ADB_Utility_Scale_BESS_Project_Page.pdf:Zone.Identifier:Zone.Identifier,.identifier,corpus/01_RAG_Public_Deal_Documents/ADB_Utility_Scale_BESS_Project_Page.pdf:Zone.Identifier:Zone.Identifier,/home/anurag_sarangi/projects/global_rag_pipeline/global_rag/corpus/01_RAG_Public_Deal_Documents/ADB_Utility_Scale_BESS_Project_Page.pdf:Zone.Identifier:Zone.Identifier,25,2026-06-25 17:54:27,b952d24cf701bc4e7a7d21e1ae85c611824e80579a89836c0cb49b193446ccfe,No,unknown,No,pending,
133,DOC_000134,corpus_data,01_RAG_Public_Deal_Documents,IFC_PCR_Renewables_SII.metadata.json,.json,corpus/01_RAG_Public_Deal_Documents/IFC_PCR_Renewables_SII.metadata.json,/home/anurag_sarangi/projects/global_rag_pipeline/global_rag/corpus/01_RAG_Public_Deal_Documents/IFC_PCR_Renewables_SII.metadata.json,470,2026-06-25 17:23:23,9cfbfd30237a8db21b413dc5243ddac0c297b5cd11f0793ffe90bb1e15983f4d,Yes,read_json_file,Yes,pending,
134,DOC_000135,corpus_data,01_RAG_Public_Deal_Documents,AES_Corporation_submissions.json:Zone.Identifier,.identifier,corpus/01_RAG_Public_Deal_Documents/AES_Corporation_submissions.json:Zone.Identifier,/home/anurag_sarangi/projects/global_rag_pipeline/global_rag/corpus/01_RAG_Public_Deal_Documents/AES_Corporation_submissions.json:Zone.Identifier,25,2026-06-25 17:54:53,b952d24cf701bc4e7a7d21e1ae85c611824e80579a89836c0cb49b193446ccfe,No,unknown,No,pending,
135,DOC_000136,corpus_data,01_RAG_Public_Deal_Documents,First_Solar_Latest_10K.html,.html,corpus/01_RAG_Public_Deal_Documents/First_Solar_Latest_10K.html,/home/anurag_sarangi/projects/global_rag_pipeline/global_rag/corpus/01_RAG_Public_Deal_Documents/First_Solar_Latest_10K.html,2523265,2026-06-25 17:23:23,286949e3485231f36dcc8939e92ad2d01766f4b487a6200d5981d4b97e0b67ce,Yes,read_html_file,Yes,pending,
136,DOC_000137,corpus_data,01_RAG_Public_Deal_Documents,IFC_Candi_Solar_CI_SII.metadata.json,.json,corpus/01_RAG_Public_Deal_Documents/IFC_Candi_Solar_CI_SII.metadata.json,/home/anurag_sarangi/projects/global_rag_pipeline/global_rag/corpus/01_RAG_Public_Deal_Documents/IFC_Candi_Solar_CI_SII.metadata.json,469,2026-06-25 17:23:23,1b6ca524fcea4617c6f861699dcedbda7a7f2a031401d8c7d6dbed29511e7f9a,Yes,read_json_file,Yes,pending,
137,DOC_000138,corpus_data,01_RAG_Public_Deal_Documents,IFC_FRV_Solar_India_SII.html:Zone.Identifier,.identifier,corpus/01_RAG_Public_Deal_Documents/IFC_FRV_Solar_India_SII.html:Zone.Identifier,/home/anurag_sarangi/projects/global_rag_pipeline/global_rag/corpus/01_RAG_Public_Deal_Documents/IFC_FRV_Solar_India_SII.html:Zone.Identifier,25,2026-06-25 17:54:44,b952d24cf701bc4e7a7d21e1ae85c611824e80579a89836c0cb49b193446ccfe,No,unknown,No,pending,
138,DOC_000139,corpus_data,01_RAG_Public_Deal_Documents,NextEra_Energy_submissions.json,.json,corpus/01_RAG_Public_Deal_Documents/NextEra_Energy_submissions.json,/home/anurag_sarangi/projects/global_rag_pipeline/global_rag/corpus/01_RAG_Public_Deal_Documents/NextEra_Energy_submissions.json,333151,2026-06-25 17:23:23,5586d497551287234714d145e7cc05c71ca34bc5ecb43d4612ab7a665738c0dc,Yes,read_json_file,Yes,pending,
139,DOC_000140,corpus_data,01_RAG_Public_Deal_Documents,IFC_Elementum_Debt_SII.metadata.json,.json,corpus/01_RAG_Public_Deal_Documents/IFC_Elementum_Debt_SII.metadata.json,/home/anurag_sarangi/projects/global_rag_pipeline/global_rag/corpus/01_RAG_Public_Deal_Documents/IFC_Elementum_Debt_SII.metadata.json,474,2026-06-25 17:23:23,70518672b5962eb0d05eebca0efc2de1146ca34897f8095b97d2401fd93bc5f1,Yes,read_json_file,Yes,pending,
140,DOC_000141,corpus_data,01_RAG_Public_Deal_Documents,Ormat_Technologies_Latest_10K.html,.html,corpus/01_RAG_Public_Deal_Documents/Ormat_Technologies_Latest_10K.html,/home/anurag_sarangi/projects/global_rag_pipeline/global_rag/corpus/01_RAG_Public_Deal_Documents/Ormat_Technologies_Latest_10K.html,4608327,2026-06-25 17:23:23,785c1a68cc0d729d0e60861f012e0008da4d04f57c0f60187dd336945c4e5903,Yes,read_html_file,Yes,pending,
141,DOC_000142,corpus_data,01_RAG_Public_Deal_Documents,AES_Corporation_Latest_10K.html:Zone.Identifier,.identifier,corpus/01_RAG_Public_Deal_Documents/AES_Corporation_Latest_10K.html:Zone.Identifier,/home/anurag_sarangi/projects/global_rag_pipeline/global_rag/corpus/01_RAG_Public_Deal_Documents/AES_Corporation_Latest_10K.html:Zone.Identifier,25,2026-06-25 17:54:53,b952d24cf701bc4e7a7d21e1ae85c611824e80579a89836c0cb49b193446ccfe,No,unknown,No,pending,
142,DOC_000143,corpus_data,01_RAG_Public_Deal_Documents,source_urls.csv:Zone.Identifier:Zone.Identifier,.identifier,corpus/01_RAG_Public_Deal_Documents/source_urls.csv:Zone.Identifier:Zone.Identifier,/home/anurag_sarangi/projects/global_rag_pipeline/global_rag/corpus/01_RAG_Public_Deal_Documents/source_urls.csv:Zone.Identifier:Zone.Identifier,25,2026-06-25 17:54:55,b952d24cf701bc4e7a7d21e1ae85c611824e80579a89836c0cb49b193446ccfe,No,unknown,No,pending,
143,DOC_000144,corpus_data,01_RAG_Public_Deal_Documents,NextEra_Energy_Latest_10K.html:Zone.Identifier,.identifier,corpus/01_RAG_Public_Deal_Documents/NextEra_Energy_Latest_10K.html:Zone.Identifier,/home/anurag_sarangi/projects/global_rag_pipeline/global_rag/corpus/01_RAG_Public_Deal_Documents/NextEra_Energy_Latest_10K.html:Zone.Identifier,25,2026-06-25 17:54:53,b952d24cf701bc4e7a7d21e1ae85c611824e80579a89836c0cb49b193446ccfe,No,unknown,No,pending,
144,DOC_000145,corpus_data,01_RAG_Public_Deal_Documents,source_urls.csv,.csv,corpus/01_RAG_Public_Deal_Documents/source_urls.csv,/home/anurag_sarangi/projects/global_rag_pipeline/global_rag/corpus/01_RAG_Public_Deal_Documents/source_urls.csv,685,2026-06-25 17:23:23,2afe5116b766d60738b64226715a7943db8b6b59d25233a542d227cd5f7e9537,Yes,read_csv_table,No,pending,
145,DOC_000146,corpus_data,01_RAG_Public_Deal_Documents,IFC_IndiGrid_BESS_ESRS.html:Zone.Identifier,.identifier,corpus/01_RAG_Public_Deal_Documents/IFC_IndiGrid_BESS_ESRS.html:Zone.Identifier,/home/anurag_sarangi/projects/global_rag_pipeline/global_rag/corpus/01_RAG_Public_Deal_Documents/IFC_IndiGrid_BESS_ESRS.html:Zone.Identifier,25,2026-06-25 17:54:44,b952d24cf701bc4e7a7d21e1ae85c611824e80579a89836c0cb49b193446ccfe,No,unknown,No,pending,
146,DOC_000147,corpus_data,01_RAG_Public_Deal_Documents,IFC_FP_Energy_EF_SII.html,.html,corpus/01_RAG_Public_Deal_Documents/IFC_FP_Energy_EF_SII.html,/home/anurag_sarangi/projects/global_rag_pipeline/global_rag/corpus/01_RAG_Public_Deal_Documents/IFC_FP_Energy_EF_SII.html,94736,2026-06-25 17:23:23,55302c9a11c179377b27a930bf4dcbe410070f1eb403cfa306c835acff0dca24,Yes,read_html_file,Yes,pending,
147,DOC_000148,corpus_data,01_RAG_Public_Deal_Documents,source_urls.csv:Zone.Identifier,.identifier,corpus/01_RAG_Public_Deal_Documents/source_urls.csv:Zone.Identifier,/home/anurag_sarangi/projects/global_rag_pipeline/global_rag/corpus/01_RAG_Public_Deal_Documents/source_urls.csv:Zone.Identifier,25,2026-06-25 17:23:23,b952d24cf701bc4e7a7d21e1ae85c611824e80579a89836c0cb49b193446ccfe,No,unknown,No,pending,
148,DOC_000149,corpus_data,01_RAG_Public_Deal_Documents,Enphase_Energy_submissions.json,.json,corpus/01_RAG_Public_Deal_Documents/Enphase_Energy_submissions.json,/home/anurag_sarangi/projects/global_rag_pipeline/global_rag/corpus/01_RAG_Public_Deal_Documents/Enphase_Energy_submissions.json,328270,2026-06-25 17:23:23,c777636bf0dec38e57968eace7b09308a91f4bdc24e705335b073a6ea56195ae,Yes,read_json_file,Yes,pending,
149,DOC_000150,corpus_data,01_RAG_Public_Deal_Documents,IFC_PCR_Renewables_SII.html:Zone.Identifier,.identifier,corpus/01_RAG_Public_Deal_Documents/IFC_PCR_Renewables_SII.html:Zone.Identifier,/home/anurag_sarangi/projects/global_rag_pipeline/global_rag/corpus/01_RAG_Public_Deal_Documents/IFC_PCR_Renewables_SII.html:Zone.Identifier,25,2026-06-25 17:54:44,b952d24cf701bc4e7a7d21e1ae85c611824e80579a89836c0cb49b193446ccfe,No,unknown,No,pending,
150,DOC_000151,corpus_data,01_RAG_Public_Deal_Documents,IFC_Candi_Solar_CI_SII.html,.html,corpus/01_RAG_Public_Deal_Documents/IFC_Candi_Solar_CI_SII.html,/home/anurag_sarangi/projects/global_rag_pipeline/global_rag/corpus/01_RAG_Public_Deal_Documents/IFC_Candi_Solar_CI_SII.html,98035,2026-06-25 17:23:23,dc117ed6a52cb9d19add01ee62b07c43f6b500585620562f73d0e95bfdba8425,Yes,read_html_file,Yes,pending,
151,DOC_000152,corpus_data,01_RAG_Public_Deal_Documents,Enphase_Energy_Latest_10K.html,.html,corpus/01_RAG_Public_Deal_Documents/Enphase_Energy_Latest_10K.html,/home/anurag_sarangi/projects/global_rag_pipeline/global_rag/corpus/01_RAG_Public_Deal_Documents/Enphase_Energy_Latest_10K.html,2973886,2026-06-25 17:23:23,11deca46cf8d4a3d92918ad8b75f65466c9d959fecf5f7363a7ce13e946efa70,Yes,read_html_file,Yes,pending,
152,DOC_000153,corpus_data,01_RAG_Public_Deal_Documents,ADB_Guzar_Solar_BESS_Project_Page.pdf:Zone.Identifier,.identifier,corpus/01_RAG_Public_Deal_Documents/ADB_Guzar_Solar_BESS_Project_Page.pdf:Zone.Identifier,/home/anurag_sarangi/projects/global_rag_pipeline/global_rag/corpus/01_RAG_Public_Deal_Documents/ADB_Guzar_Solar_BESS_Project_Page.pdf:Zone.Identifier,25,2026-06-25 17:23:23,b952d24cf701bc4e7a7d21e1ae85c611824e80579a89836c0cb49b193446ccfe,No,unknown,No,pending,
153,DOC_000154,corpus_data,01_RAG_Public_Deal_Documents,ADB_Guzar_Solar_BESS_Project_Page.pdf:Zone.Identifier:Zone.Identifier,.identifier,corpus/01_RAG_Public_Deal_Documents/ADB_Guzar_Solar_BESS_Project_Page.pdf:Zone.Identifier:Zone.Identifier,/home/anurag_sarangi/projects/global_rag_pipeline/global_rag/corpus/01_RAG_Public_Deal_Documents/ADB_Guzar_Solar_BESS_Project_Page.pdf:Zone.Identifier:Zone.Identifier,25,2026-06-25 17:54:27,b952d24cf701bc4e7a7d21e1ae85c611824e80579a89836c0cb49b193446ccfe,No,unknown,No,pending,
154,DOC_000155,corpus_data,01_RAG_Public_Deal_Documents,README.txt:Zone.Identifier:Zone.Identifier,.identifier,corpus/01_RAG_Public_Deal_Documents/README.txt:Zone.Identifier:Zone.Identifier,/home/anurag_sarangi/projects/global_rag_pipeline/global_rag/corpus/01_RAG_Public_Deal_Documents/README.txt:Zone.Identifier:Zone.Identifier,25,2026-06-25 17:54:55,b952d24cf701bc4e7a7d21e1ae85c611824e80579a89836c0cb49b193446ccfe,No,unknown,No,pending,
155,DOC_000156,corpus_data,01_RAG_Public_Deal_Documents,IFC_Elementum_Debt_SII.metadata.json:Zone.Identifier,.identifier,corpus/01_RAG_Public_Deal_Documents/IFC_Elementum_Debt_SII.metadata.json:Zone.Identifier,/home/anurag_sarangi/projects/global_rag_pipeline/global_rag/corpus/01_RAG_Public_Deal_Documents/IFC_Elementum_Debt_SII.metadata.json:Zone.Identifier,25,2026-06-25 17:54:44,b952d24cf701bc4e7a7d21e1ae85c611824e80579a89836c0cb49b193446ccfe,No,unknown,No,pending,
156,DOC_000157,corpus_data,01_RAG_Public_Deal_Documents,NextEra_Energy_submissions.json:Zone.Identifier,.identifier,corpus/01_RAG_Public_Deal_Documents/NextEra_Energy_submissions.json:Zone.Identifier,/home/anurag_sarangi/projects/global_rag_pipeline/global_rag/corpus/01_RAG_Public_Deal_Documents/NextEra_Energy_submissions.json:Zone.Identifier,25,2026-06-25 17:54:53,b952d24cf701bc4e7a7d21e1ae85c611824e80579a89836c0cb49b193446ccfe,No,unknown,No,pending,
157,DOC_000158,corpus_data,01_RAG_Public_Deal_Documents,IFC_Azure_RG_Project_SII.metadata.json,.json,corpus/01_RAG_Public_Deal_Documents/IFC_Azure_RG_Project_SII.metadata.json,/home/anurag_sarangi/projects/global_rag_pipeline/global_rag/corpus/01_RAG_Public_Deal_Documents/IFC_Azure_RG_Project_SII.metadata.json,460,2026-06-25 17:23:23,d81a4ac55f1f91cfb122358a409debe02ea189bc4d6f095cf278a731da15130e,Yes,read_json_file,Yes,pending,
158,DOC_000159,corpus_data,01_RAG_Public_Deal_Documents,ADB_Guzar_Solar_BESS_ESIA_Part_2.pdf:Zone.Identifier:Zone.Identifier,.identifier,corpus/01_RAG_Public_Deal_Documents/ADB_Guzar_Solar_BESS_ESIA_Part_2.pdf:Zone.Identifier:Zone.Identifier,/home/anurag_sarangi/projects/global_rag_pipeline/global_rag/corpus/01_RAG_Public_Deal_Documents/ADB_Guzar_Solar_BESS_ESIA_Part_2.pdf:Zone.Identifier:Zone.Identifier,25,2026-06-25 17:54:27,b952d24cf701bc4e7a7d21e1ae85c611824e80579a89836c0cb49b193446ccfe,No,unknown,No,pending,
159,DOC_000160,corpus_data,01_RAG_Public_Deal_Documents,IFC_FRV_Solar_India_SII.metadata.json,.json,corpus/01_RAG_Public_Deal_Documents/IFC_FRV_Solar_India_SII.metadata.json,/home/anurag_sarangi/projects/global_rag_pipeline/global_rag/corpus/01_RAG_Public_Deal_Documents/IFC_FRV_Solar_India_SII.metadata.json,465,2026-06-25 17:23:23,4f5460535197784436730263485916a81e0e8d8057411241c1a99141fd49ce5d,Yes,read_json_file,Yes,pending,
160,DOC_000161,corpus_data,01_RAG_Public_Deal_Documents,IFC_FRV_Solar_India_SII.metadata.json:Zone.Identifier,.identifier,corpus/01_RAG_Public_Deal_Documents/IFC_FRV_Solar_India_SII.metadata.json:Zone.Identifier,/home/anurag_sarangi/projects/global_rag_pipeline/global_rag/corpus/01_RAG_Public_Deal_Documents/IFC_FRV_Solar_India_SII.metadata.json:Zone.Identifier,25,2026-06-25 17:54:44,b952d24cf701bc4e7a7d21e1ae85c611824e80579a89836c0cb49b193446ccfe,No,unknown,No,pending,
161,DOC_000162,corpus_data,01_RAG_Public_Deal_Documents,IFC_Azure_RG_Project_SII.html:Zone.Identifier,.identifier,corpus/01_RAG_Public_Deal_Documents/IFC_Azure_RG_Project_SII.html:Zone.Identifier,/home/anurag_sarangi/projects/global_rag_pipeline/global_rag/corpus/01_RAG_Public_Deal_Documents/IFC_Azure_RG_Project_SII.html:Zone.Identifier,25,2026-06-25 17:54:44,b952d24cf701bc4e7a7d21e1ae85c611824e80579a89836c0cb49b193446ccfe,No,unknown,No,pending,
162,DOC_000163,corpus_data,01_RAG_Public_Deal_Documents,IFC_Candi_Solar_CI_SII.metadata.json:Zone.Identifier,.identifier,corpus/01_RAG_Public_Deal_Documents/IFC_Candi_Solar_CI_SII.metadata.json:Zone.Identifier,/home/anurag_sarangi/projects/global_rag_pipeline/global_rag/corpus/01_RAG_Public_Deal_Documents/IFC_Candi_Solar_CI_SII.metadata.json:Zone.Identifier,25,2026-06-25 17:54:44,b952d24cf701bc4e7a7d21e1ae85c611824e80579a89836c0cb49b193446ccfe,No,unknown,No,pending,
163,DOC_000164,corpus_data,01_RAG_Public_Deal_Documents,IFC_FP_Energy_EF_SII.html:Zone.Identifier,.identifier,corpus/01_RAG_Public_Deal_Documents/IFC_FP_Energy_EF_SII.html:Zone.Identifier,/home/anurag_sarangi/projects/global_rag_pipeline/global_rag/corpus/01_RAG_Public_Deal_Documents/IFC_FP_Energy_EF_SII.html:Zone.Identifier,25,2026-06-25 17:54:44,b952d24cf701bc4e7a7d21e1ae85c611824e80579a89836c0cb49b193446ccfe,No,unknown,No,pending,
164,DOC_000165,corpus_data,01_RAG_Public_Deal_Documents,ADB_Energy_Storage_Green_Hydrogen_Project_Page.pdf:Zone.Identifier,.identifier,corpus/01_RAG_Public_Deal_Documents/ADB_Energy_Storage_Green_Hydrogen_Project_Page.pdf:Zone.Identifier,/home/anurag_sarangi/projects/global_rag_pipeline/global_rag/corpus/01_RAG_Public_Deal_Documents/ADB_Energy_Storage_Green_Hydrogen_Project_Page.pdf:Zone.Identifier,25,2026-06-25 17:23:23,b952d24cf701bc4e7a7d21e1ae85c611824e80579a89836c0cb49b193446ccfe,No,unknown,No,pending,
