Project_ID,Project_Name,Asset_Class,Country,Development_Stage,Solar_Capacity_MW,BESS_Power_MW,BESS_Energy_MWh,Cost_Profile_Label,Cost_Line_ID,Cost_Category,Cost_Group,Cost_Description,Vendor,One_Off_or_Recurring,Period,Currency,Amount_USD_mn,Total_Project_Cost_USD_mn,Cost_per_Solar_MW_USD_mn,Cost_as_pct_Total,Controllable_Flag,Duplicate_Group_ID,Potential_Duplicate_Flag,Expected_Optimization_Flag,Synthetic_Flag
TXN_HELIOS_001,Project Helios Solar & Storage,Solar PV + BESS,Thailand,Late-stage development,250,100,200,High-cost solar+BESS,TXN_HELIOS_001-C001,Development & permitting,Core,Development permits and studies,Multiple / TBD,One-off,Development / Construction,USD,8.0,289.0,0.032,2.77,Partially,,No,No,Yes
TXN_HELIOS_001,Project Helios Solar & Storage,Solar PV + BESS,Thailand,Late-stage development,250,100,200,High-cost solar+BESS,TXN_HELIOS_001-C002,Land,Core,Land lease prepayment and access rights,Multiple / TBD,One-off,Development / Construction,USD,7.5,289.0,0.03,2.6,Partially,,No,No,Yes
TXN_HELIOS_001,Project Helios Solar & Storage,Solar PV + BESS,Thailand,Late-stage development,250,100,200,High-cost solar+BESS,TXN_HELIOS_001-C003,PV modules,EPC,PV modules supply,Multiple / TBD,One-off,Development / Construction,USD,72.0,289.0,0.288,24.91,Partially,,No,No,Yes
TXN_HELIOS_001,Project Helios Solar & Storage,Solar PV + BESS,Thailand,Late-stage development,250,100,200,High-cost solar+BESS,TXN_HELIOS_001-C004,Inverters,EPC,Inverters and transformers,Multiple / TBD,One-off,Development / Construction,USD,17.0,289.0,0.068,5.88,Partially,,No,No,Yes
TXN_HELIOS_001,Project Helios Solar & Storage,Solar PV + BESS,Thailand,Late-stage development,250,100,200,High-cost solar+BESS,TXN_HELIOS_001-C005,Balance of plant,EPC,"Cabling, mounting and electrical BoP",Multiple / TBD,One-off,Development / Construction,USD,40.0,289.0,0.16,13.84,Partially,,No,No,Yes
TXN_HELIOS_001,Project Helios Solar & Storage,Solar PV + BESS,Thailand,Late-stage development,250,100,200,High-cost solar+BESS,TXN_HELIOS_001-C006,BESS equipment,BESS,"Battery cells, PCS and EMS",Multiple / TBD,One-off,Development / Construction,USD,52.0,289.0,0.208,17.99,Partially,,No,Yes,Yes
TXN_HELIOS_001,Project Helios Solar & Storage,Solar PV + BESS,Thailand,Late-stage development,250,100,200,High-cost solar+BESS,TXN_HELIOS_001-C007,Grid interconnection,Grid,Substation and grid connection works,Multiple / TBD,One-off,Development / Construction,USD,25.0,289.0,0.1,8.65,Partially,,No,Yes,Yes
TXN_HELIOS_001,Project Helios Solar & Storage,Solar PV + BESS,Thailand,Late-stage development,250,100,200,High-cost solar+BESS,TXN_HELIOS_001-C008,Civil works,EPC,"Roads, drainage and foundations",Multiple / TBD,One-off,Development / Construction,USD,13.0,289.0,0.052,4.5,Partially,,No,No,Yes
TXN_HELIOS_001,Project Helios Solar & Storage,Solar PV + BESS,Thailand,Late-stage development,250,100,200,High-cost solar+BESS,TXN_HELIOS_001-C009,Owner's engineer,Advisory,Owner's engineer,Multiple / TBD,One-off,Development / Construction,USD,3.0,289.0,0.012,1.04,Yes,TECH_DUP_01,Yes,Yes,Yes
TXN_HELIOS_001,Project Helios Solar & Storage,Solar PV + BESS,Thailand,Late-stage development,250,100,200,High-cost solar+BESS,TXN_HELIOS_001-C010,Technical advisory,Advisory,Lender and transaction technical adviser,Multiple / TBD,One-off,Development / Construction,USD,2.4,289.0,0.0096,0.83,Yes,TECH_DUP_01,Yes,Yes,Yes
TXN_HELIOS_001,Project Helios Solar & Storage,Solar PV + BESS,Thailand,Late-stage development,250,100,200,High-cost solar+BESS,TXN_HELIOS_001-C011,Construction insurance,Insurance,Construction all-risk and delay cover,Multiple / TBD,One-off,Development / Construction,USD,5.2,289.0,0.0208,1.8,Partially,,No,No,Yes
TXN_HELIOS_001,Project Helios Solar & Storage,Solar PV + BESS,Thailand,Late-stage development,250,100,200,High-cost solar+BESS,TXN_HELIOS_001-C012,Legal due diligence,Advisory,Legal due diligence fees,Multiple / TBD,One-off,Development / Construction,USD,2.2,289.0,0.0088,0.76,Yes,LEGAL_DUP_01,Yes,Yes,Yes
TXN_HELIOS_001,Project Helios Solar & Storage,Solar PV + BESS,Thailand,Late-stage development,250,100,200,High-cost solar+BESS,TXN_HELIOS_001-C013,Transaction legal advisory,Advisory,Transaction and financing legal fees,Multiple / TBD,One-off,Development / Construction,USD,1.7,289.0,0.0068,0.59,Yes,LEGAL_DUP_01,Yes,Yes,Yes
TXN_HELIOS_001,Project Helios Solar & Storage,Solar PV + BESS,Thailand,Late-stage development,250,100,200,High-cost solar+BESS,TXN_HELIOS_001-C014,Financing fees,Financing,"Arrangement, commitment and agency fees",Multiple / TBD,One-off,Development / Construction,USD,5.5,289.0,0.022,1.9,Yes,,No,No,Yes
TXN_HELIOS_001,Project Helios Solar & Storage,Solar PV + BESS,Thailand,Late-stage development,250,100,200,High-cost solar+BESS,TXN_HELIOS_001-C015,EPC contingency,Contingency,Construction contingency,Multiple / TBD,One-off,Development / Construction,USD,18.0,289.0,0.072,6.23,Yes,,No,Yes,Yes
TXN_HELIOS_001,Project Helios Solar & Storage,Solar PV + BESS,Thailand,Late-stage development,250,100,200,High-cost solar+BESS,TXN_HELIOS_001-C016,O&M mobilisation,Operations,"Spares, mobilisation and training",Multiple / TBD,One-off,Development / Construction,USD,4.5,289.0,0.018,1.56,Partially,,No,No,Yes
TXN_HELIOS_001,Project Helios Solar & Storage,Solar PV + BESS,Thailand,Late-stage development,250,100,200,High-cost solar+BESS,TXN_HELIOS_001-C017,Corporate/platform overhead,Overhead,Allocated platform and transaction overhead,Multiple / TBD,One-off,Development / Construction,USD,12.0,289.0,0.048,4.15,Yes,,No,Yes,Yes
COST_SOL_002,Siam Solar East,Solar PV,Thailand,Operating,220,0,0,Low-cost utility solar,COST_SOL_002-C001,Development & permitting,EPC,Development & permitting,Vendor_3,One-off,Development / Construction,USD,5.34,142.14,0.0243,3.76,Partially,,No,No,Yes
COST_SOL_002,Siam Solar East,Solar PV,Thailand,Operating,220,0,0,Low-cost utility solar,COST_SOL_002-C002,Land,EPC,Land,Vendor_4,One-off,Development / Construction,USD,4.47,142.14,0.0203,3.14,Partially,,No,No,Yes
COST_SOL_002,Siam Solar East,Solar PV,Thailand,Operating,220,0,0,Low-cost utility solar,COST_SOL_002-C003,PV modules,EPC,PV modules,Vendor_5,One-off,Development / Construction,USD,47.59,142.14,0.2163,33.48,Partially,,No,No,Yes
COST_SOL_002,Siam Solar East,Solar PV,Thailand,Operating,220,0,0,Low-cost utility solar,COST_SOL_002-C004,Inverters,EPC,Inverters,Vendor_6,One-off,Development / Construction,USD,11.1,142.14,0.0505,7.81,Partially,,No,No,Yes
COST_SOL_002,Siam Solar East,Solar PV,Thailand,Operating,220,0,0,Low-cost utility solar,COST_SOL_002-C005,Balance of plant,EPC,Balance of plant,Vendor_7,One-off,Development / Construction,USD,27.12,142.14,0.1233,19.08,Partially,,No,No,Yes
COST_SOL_002,Siam Solar East,Solar PV,Thailand,Operating,220,0,0,Low-cost utility solar,COST_SOL_002-C006,BESS equipment,BESS,BESS equipment,Vendor_8,One-off,Development / Construction,USD,0.0,142.14,0.0,0.0,Partially,,No,No,Yes
COST_SOL_002,Siam Solar East,Solar PV,Thailand,Operating,220,0,0,Low-cost utility solar,COST_SOL_002-C007,Grid interconnection,Grid,Grid interconnection,Vendor_9,One-off,Development / Construction,USD,13.94,142.14,0.0634,9.81,Partially,,No,No,Yes
COST_SOL_002,Siam Solar East,Solar PV,Thailand,Operating,220,0,0,Low-cost utility solar,COST_SOL_002-C008,Civil works,EPC,Civil works,Vendor_1,One-off,Development / Construction,USD,9.26,142.14,0.0421,6.51,Partially,,No,No,Yes
COST_SOL_002,Siam Solar East,Solar PV,Thailand,Operating,220,0,0,Low-cost utility solar,COST_SOL_002-C009,Owner's engineer,Advisory,Owner's engineer,Vendor_2,One-off,Development / Construction,USD,1.81,142.14,0.0082,1.27,Yes,,No,No,Yes
COST_SOL_002,Siam Solar East,Solar PV,Thailand,Operating,220,0,0,Low-cost utility solar,COST_SOL_002-C010,Technical advisory,Advisory,Technical advisory,Vendor_3,One-off,Development / Construction,USD,1.15,142.14,0.0052,0.81,Yes,,No,No,Yes
COST_SOL_002,Siam Solar East,Solar PV,Thailand,Operating,220,0,0,Low-cost utility solar,COST_SOL_002-C011,Construction insurance,Insurance,Construction insurance,Vendor_4,One-off,Development / Construction,USD,2.15,142.14,0.0098,1.51,Partially,,No,No,Yes
COST_SOL_002,Siam Solar East,Solar PV,Thailand,Operating,220,0,0,Low-cost utility solar,COST_SOL_002-C012,Legal due diligence,Advisory,Legal due diligence,Vendor_5,One-off,Development / Construction,USD,0.92,142.14,0.0042,0.65,Yes,,No,No,Yes
COST_SOL_002,Siam Solar East,Solar PV,Thailand,Operating,220,0,0,Low-cost utility solar,COST_SOL_002-C013,Transaction legal advisory,Advisory,Transaction legal advisory,Vendor_6,One-off,Development / Construction,USD,0.78,142.14,0.0035,0.55,Yes,,No,No,Yes
COST_SOL_002,Siam Solar East,Solar PV,Thailand,Operating,220,0,0,Low-cost utility solar,COST_SOL_002-C014,Financing fees,Financing,Financing fees,Vendor_7,One-off,Development / Construction,USD,2.86,142.14,0.013,2.01,Yes,,No,No,Yes
COST_SOL_002,Siam Solar East,Solar PV,Thailand,Operating,220,0,0,Low-cost utility solar,COST_SOL_002-C015,EPC contingency,Contingency,EPC contingency,Vendor_8,One-off,Development / Construction,USD,7.37,142.14,0.0335,5.19,Yes,,No,No,Yes
COST_SOL_002,Siam Solar East,Solar PV,Thailand,Operating,220,0,0,Low-cost utility solar,COST_SOL_002-C016,O&M mobilisation,Operations,O&M mobilisation,Vendor_9,One-off,Development / Construction,USD,2.38,142.14,0.0108,1.67,Partially,,No,No,Yes
COST_SOL_002,Siam Solar East,Solar PV,Thailand,Operating,220,0,0,Low-cost utility solar,COST_SOL_002-C017,Corporate/platform overhead,Overhead,Corporate/platform overhead,Vendor_1,One-off,Development / Construction,USD,3.9,142.14,0.0177,2.74,Yes,,No,No,Yes
COST_SOLB_003,Lotus Storage Solar,Solar PV + BESS,Thailand,Construction,180,80,160,Mid-cost solar+BESS,COST_SOLB_003-C001,Development & permitting,EPC,Development & permitting,Vendor_4,One-off,Development / Construction,USD,4.78,179.03,0.0266,2.67,Partially,,No,No,Yes
COST_SOLB_003,Lotus Storage Solar,Solar PV + BESS,Thailand,Construction,180,80,160,Mid-cost solar+BESS,COST_SOLB_003-C002,Land,EPC,Land,Vendor_5,One-off,Development / Construction,USD,4.7,179.03,0.0261,2.63,Partially,,No,No,Yes
COST_SOLB_003,Lotus Storage Solar,Solar PV + BESS,Thailand,Construction,180,80,160,Mid-cost solar+BESS,COST_SOLB_003-C003,PV modules,EPC,PV modules,Vendor_6,One-off,Development / Construction,USD,49.62,179.03,0.2757,27.72,Partially,,No,No,Yes
COST_SOLB_003,Lotus Storage Solar,Solar PV + BESS,Thailand,Construction,180,80,160,Mid-cost solar+BESS,COST_SOLB_003-C004,Inverters,EPC,Inverters,Vendor_7,One-off,Development / Construction,USD,10.25,179.03,0.0569,5.73,Partially,,No,No,Yes
COST_SOLB_003,Lotus Storage Solar,Solar PV + BESS,Thailand,Construction,180,80,160,Mid-cost solar+BESS,COST_SOLB_003-C005,Balance of plant,EPC,Balance of plant,Vendor_8,One-off,Development / Construction,USD,26.25,179.03,0.1458,14.66,Partially,,No,No,Yes
COST_SOLB_003,Lotus Storage Solar,Solar PV + BESS,Thailand,Construction,180,80,160,Mid-cost solar+BESS,COST_SOLB_003-C006,BESS equipment,BESS,BESS equipment,Vendor_9,One-off,Development / Construction,USD,38.4,179.03,0.2133,21.45,Partially,,No,No,Yes
COST_SOLB_003,Lotus Storage Solar,Solar PV + BESS,Thailand,Construction,180,80,160,Mid-cost solar+BESS,COST_SOLB_003-C007,Grid interconnection,Grid,Grid interconnection,Vendor_1,One-off,Development / Construction,USD,13.39,179.03,0.0744,7.48,Partially,,No,No,Yes
COST_SOLB_003,Lotus Storage Solar,Solar PV + BESS,Thailand,Construction,180,80,160,Mid-cost solar+BESS,COST_SOLB_003-C008,Civil works,EPC,Civil works,Vendor_2,One-off,Development / Construction,USD,8.13,179.03,0.0452,4.54,Partially,,No,No,Yes
COST_SOLB_003,Lotus Storage Solar,Solar PV + BESS,Thailand,Construction,180,80,160,Mid-cost solar+BESS,COST_SOLB_003-C009,Owner's engineer,Advisory,Owner's engineer,Vendor_3,One-off,Development / Construction,USD,1.75,179.03,0.0097,0.98,Yes,,No,No,Yes
COST_SOLB_003,Lotus Storage Solar,Solar PV + BESS,Thailand,Construction,180,80,160,Mid-cost solar+BESS,COST_SOLB_003-C010,Technical advisory,Advisory,Technical advisory,Vendor_4,One-off,Development / Construction,USD,1.19,179.03,0.0066,0.66,Yes,,No,No,Yes
COST_SOLB_003,Lotus Storage Solar,Solar PV + BESS,Thailand,Construction,180,80,160,Mid-cost solar+BESS,COST_SOLB_003-C011,Construction insurance,Insurance,Construction insurance,Vendor_5,One-off,Development / Construction,USD,2.17,179.03,0.0121,1.21,Partially,,No,No,Yes
COST_SOLB_003,Lotus Storage Solar,Solar PV + BESS,Thailand,Construction,180,80,160,Mid-cost solar+BESS,COST_SOLB_003-C012,Legal due diligence,Advisory,Legal due diligence,Vendor_6,One-off,Development / Construction,USD,0.87,179.03,0.0048,0.49,Yes,,No,No,Yes
COST_SOLB_003,Lotus Storage Solar,Solar PV + BESS,Thailand,Construction,180,80,160,Mid-cost solar+BESS,COST_SOLB_003-C013,Transaction legal advisory,Advisory,Transaction legal advisory,Vendor_7,One-off,Development / Construction,USD,0.69,179.03,0.0038,0.39,Yes,,No,No,Yes
COST_SOLB_003,Lotus Storage Solar,Solar PV + BESS,Thailand,Construction,180,80,160,Mid-cost solar+BESS,COST_SOLB_003-C014,Financing fees,Financing,Financing fees,Vendor_8,One-off,Development / Construction,USD,3.13,179.03,0.0174,1.75,Yes,,No,No,Yes
COST_SOLB_003,Lotus Storage Solar,Solar PV + BESS,Thailand,Construction,180,80,160,Mid-cost solar+BESS,COST_SOLB_003-C015,EPC contingency,Contingency,EPC contingency,Vendor_9,One-off,Development / Construction,USD,7.54,179.03,0.0419,4.21,Yes,,No,No,Yes
COST_SOLB_003,Lotus Storage Solar,Solar PV + BESS,Thailand,Construction,180,80,160,Mid-cost solar+BESS,COST_SOLB_003-C016,O&M mobilisation,Operations,O&M mobilisation,Vendor_1,One-off,Development / Construction,USD,2.33,179.03,0.0129,1.3,Partially,,No,No,Yes
COST_SOLB_003,Lotus Storage Solar,Solar PV + BESS,Thailand,Construction,180,80,160,Mid-cost solar+BESS,COST_SOLB_003-C017,Corporate/platform overhead,Overhead,Corporate/platform overhead,Vendor_2,One-off,Development / Construction,USD,3.84,179.03,0.0213,2.14,Yes,,No,No,Yes
COST_SOL_004,Rajasthan Sun A,Solar PV,India,Operating,300,0,0,Low-cost utility solar,COST_SOL_004-C001,Development & permitting,EPC,Development & permitting,Vendor_5,One-off,Development / Construction,USD,7.17,196.81,0.0239,3.64,Partially,,No,No,Yes
COST_SOL_004,Rajasthan Sun A,Solar PV,India,Operating,300,0,0,Low-cost utility solar,COST_SOL_004-C002,Land,EPC,Land,Vendor_6,One-off,Development / Construction,USD,7.1,196.81,0.0237,3.61,Partially,,No,No,Yes
COST_SOL_004,Rajasthan Sun A,Solar PV,India,Operating,300,0,0,Low-cost utility solar,COST_SOL_004-C003,PV modules,EPC,PV modules,Vendor_7,One-off,Development / Construction,USD,66.01,196.81,0.22,33.54,Partially,,No,No,Yes
COST_SOL_004,Rajasthan Sun A,Solar PV,India,Operating,300,0,0,Low-cost utility solar,COST_SOL_004-C004,Inverters,EPC,Inverters,Vendor_8,One-off,Development / Construction,USD,15.97,196.81,0.0532,8.11,Partially,,No,No,Yes
COST_SOL_004,Rajasthan Sun A,Solar PV,India,Operating,300,0,0,Low-cost utility solar,COST_SOL_004-C005,Balance of plant,EPC,Balance of plant,Vendor_9,One-off,Development / Construction,USD,37.52,196.81,0.1251,19.06,Partially,,No,No,Yes
COST_SOL_004,Rajasthan Sun A,Solar PV,India,Operating,300,0,0,Low-cost utility solar,COST_SOL_004-C006,BESS equipment,BESS,BESS equipment,Vendor_1,One-off,Development / Construction,USD,0.0,196.81,0.0,0.0,Partially,,No,No,Yes
COST_SOL_004,Rajasthan Sun A,Solar PV,India,Operating,300,0,0,Low-cost utility solar,COST_SOL_004-C007,Grid interconnection,Grid,Grid interconnection,Vendor_2,One-off,Development / Construction,USD,18.83,196.81,0.0628,9.57,Partially,,No,No,Yes
COST_SOL_004,Rajasthan Sun A,Solar PV,India,Operating,300,0,0,Low-cost utility solar,COST_SOL_004-C008,Civil works,EPC,Civil works,Vendor_3,One-off,Development / Construction,USD,12.57,196.81,0.0419,6.39,Partially,,No,No,Yes
COST_SOL_004,Rajasthan Sun A,Solar PV,India,Operating,300,0,0,Low-cost utility solar,COST_SOL_004-C009,Owner's engineer,Advisory,Owner's engineer,Vendor_4,One-off,Development / Construction,USD,2.67,196.81,0.0089,1.36,Yes,,No,No,Yes
COST_SOL_004,Rajasthan Sun A,Solar PV,India,Operating,300,0,0,Low-cost utility solar,COST_SOL_004-C010,Technical advisory,Advisory,Technical advisory,Vendor_5,One-off,Development / Construction,USD,1.64,196.81,0.0055,0.83,Yes,,No,No,Yes
COST_SOL_004,Rajasthan Sun A,Solar PV,India,Operating,300,0,0,Low-cost utility solar,COST_SOL_004-C011,Construction insurance,Insurance,Construction insurance,Vendor_6,One-off,Development / Construction,USD,2.94,196.81,0.0098,1.49,Partially,,No,No,Yes
COST_SOL_004,Rajasthan Sun A,Solar PV,India,Operating,300,0,0,Low-cost utility solar,COST_SOL_004-C012,Legal due diligence,Advisory,Legal due diligence,Vendor_7,One-off,Development / Construction,USD,1.26,196.81,0.0042,0.64,Yes,,No,No,Yes
COST_SOL_004,Rajasthan Sun A,Solar PV,India,Operating,300,0,0,Low-cost utility solar,COST_SOL_004-C013,Transaction legal advisory,Advisory,Transaction legal advisory,Vendor_8,One-off,Development / Construction,USD,1.02,196.81,0.0034,0.52,Yes,,No,No,Yes
COST_SOL_004,Rajasthan Sun A,Solar PV,India,Operating,300,0,0,Low-cost utility solar,COST_SOL_004-C014,Financing fees,Financing,Financing fees,Vendor_9,One-off,Development / Construction,USD,3.94,196.81,0.0131,2.0,Yes,,No,No,Yes
COST_SOL_004,Rajasthan Sun A,Solar PV,India,Operating,300,0,0,Low-cost utility solar,COST_SOL_004-C015,EPC contingency,Contingency,EPC contingency,Vendor_1,One-off,Development / Construction,USD,10.11,196.81,0.0337,5.14,Yes,,No,No,Yes
COST_SOL_004,Rajasthan Sun A,Solar PV,India,Operating,300,0,0,Low-cost utility solar,COST_SOL_004-C016,O&M mobilisation,Operations,O&M mobilisation,Vendor_2,One-off,Development / Construction,USD,2.97,196.81,0.0099,1.51,Partially,,No,No,Yes
COST_SOL_004,Rajasthan Sun A,Solar PV,India,Operating,300,0,0,Low-cost utility solar,COST_SOL_004-C017,Corporate/platform overhead,Overhead,Corporate/platform overhead,Vendor_3,One-off,Development / Construction,USD,5.09,196.81,0.017,2.59,Yes,,No,No,Yes
COST_SOLB_005,Gujarat Flex,Solar PV + BESS,India,Development,250,100,200,Mid-cost solar+BESS,COST_SOLB_005-C001,Development & permitting,EPC,Development & permitting,Vendor_6,One-off,Development / Construction,USD,7.1,237.94,0.0284,2.98,Partially,,No,No,Yes
COST_SOLB_005,Gujarat Flex,Solar PV + BESS,India,Development,250,100,200,Mid-cost solar+BESS,COST_SOLB_005-C002,Land,EPC,Land,Vendor_7,One-off,Development / Construction,USD,6.3,237.94,0.0252,2.65,Partially,,No,No,Yes
COST_SOLB_005,Gujarat Flex,Solar PV + BESS,India,Development,250,100,200,Mid-cost solar+BESS,COST_SOLB_005-C003,PV modules,EPC,PV modules,Vendor_8,One-off,Development / Construction,USD,64.3,237.94,0.2572,27.02,Partially,,No,No,Yes
COST_SOLB_005,Gujarat Flex,Solar PV + BESS,India,Development,250,100,200,Mid-cost solar+BESS,COST_SOLB_005-C004,Inverters,EPC,Inverters,Vendor_9,One-off,Development / Construction,USD,14.73,237.94,0.0589,6.19,Partially,,No,No,Yes
COST_SOLB_005,Gujarat Flex,Solar PV + BESS,India,Development,250,100,200,Mid-cost solar+BESS,COST_SOLB_005-C005,Balance of plant,EPC,Balance of plant,Vendor_1,One-off,Development / Construction,USD,33.47,237.94,0.1339,14.07,Partially,,No,No,Yes
COST_SOLB_005,Gujarat Flex,Solar PV + BESS,India,Development,250,100,200,Mid-cost solar+BESS,COST_SOLB_005-C006,BESS equipment,BESS,BESS equipment,Vendor_2,One-off,Development / Construction,USD,48.0,237.94,0.192,20.17,Partially,,No,No,Yes
COST_SOLB_005,Gujarat Flex,Solar PV + BESS,India,Development,250,100,200,Mid-cost solar+BESS,COST_SOLB_005-C007,Grid interconnection,Grid,Grid interconnection,Vendor_3,One-off,Development / Construction,USD,19.28,237.94,0.0771,8.1,Partially,,No,No,Yes
COST_SOLB_005,Gujarat Flex,Solar PV + BESS,India,Development,250,100,200,Mid-cost solar+BESS,COST_SOLB_005-C008,Civil works,EPC,Civil works,Vendor_4,One-off,Development / Construction,USD,11.86,237.94,0.0474,4.98,Partially,,No,No,Yes
COST_SOLB_005,Gujarat Flex,Solar PV + BESS,India,Development,250,100,200,Mid-cost solar+BESS,COST_SOLB_005-C009,Owner's engineer,Advisory,Owner's engineer,Vendor_5,One-off,Development / Construction,USD,2.62,237.94,0.0105,1.1,Yes,,No,No,Yes
COST_SOLB_005,Gujarat Flex,Solar PV + BESS,India,Development,250,100,200,Mid-cost solar+BESS,COST_SOLB_005-C010,Technical advisory,Advisory,Technical advisory,Vendor_6,One-off,Development / Construction,USD,1.46,237.94,0.0058,0.61,Yes,,No,No,Yes
COST_SOLB_005,Gujarat Flex,Solar PV + BESS,India,Development,250,100,200,Mid-cost solar+BESS,COST_SOLB_005-C011,Construction insurance,Insurance,Construction insurance,Vendor_7,One-off,Development / Construction,USD,3.2,237.94,0.0128,1.34,Partially,,No,No,Yes
COST_SOLB_005,Gujarat Flex,Solar PV + BESS,India,Development,250,100,200,Mid-cost solar+BESS,COST_SOLB_005-C012,Legal due diligence,Advisory,Legal due diligence,Vendor_8,One-off,Development / Construction,USD,1.22,237.94,0.0049,0.51,Yes,,No,No,Yes
COST_SOLB_005,Gujarat Flex,Solar PV + BESS,India,Development,250,100,200,Mid-cost solar+BESS,COST_SOLB_005-C013,Transaction legal advisory,Advisory,Transaction legal advisory,Vendor_9,One-off,Development / Construction,USD,1.01,237.94,0.004,0.42,Yes,,No,No,Yes
COST_SOLB_005,Gujarat Flex,Solar PV + BESS,India,Development,250,100,200,Mid-cost solar+BESS,COST_SOLB_005-C014,Financing fees,Financing,Financing fees,Vendor_1,One-off,Development / Construction,USD,4.44,237.94,0.0178,1.87,Yes,,No,No,Yes
COST_SOLB_005,Gujarat Flex,Solar PV + BESS,India,Development,250,100,200,Mid-cost solar+BESS,COST_SOLB_005-C015,EPC contingency,Contingency,EPC contingency,Vendor_2,One-off,Development / Construction,USD,10.53,237.94,0.0421,4.43,Yes,,No,No,Yes
COST_SOLB_005,Gujarat Flex,Solar PV + BESS,India,Development,250,100,200,Mid-cost solar+BESS,COST_SOLB_005-C016,O&M mobilisation,Operations,O&M mobilisation,Vendor_3,One-off,Development / Construction,USD,3.12,237.94,0.0125,1.31,Partially,,No,No,Yes
COST_SOLB_005,Gujarat Flex,Solar PV + BESS,India,Development,250,100,200,Mid-cost solar+BESS,COST_SOLB_005-C017,Corporate/platform overhead,Overhead,Corporate/platform overhead,Vendor_4,One-off,Development / Construction,USD,5.3,237.94,0.0212,2.23,Yes,,No,No,Yes
COST_SOL_006,Desert Pearl,Solar PV,UAE,Operating,400,0,0,Low-cost utility solar,COST_SOL_006-C001,Development & permitting,EPC,Development & permitting,Vendor_7,One-off,Development / Construction,USD,10.03,253.69,0.0251,3.95,Partially,,No,No,Yes
COST_SOL_006,Desert Pearl,Solar PV,UAE,Operating,400,0,0,Low-cost utility solar,COST_SOL_006-C002,Land,EPC,Land,Vendor_8,One-off,Development / Construction,USD,9.19,253.69,0.023,3.62,Partially,,No,No,Yes
COST_SOL_006,Desert Pearl,Solar PV,UAE,Operating,400,0,0,Low-cost utility solar,COST_SOL_006-C003,PV modules,EPC,PV modules,Vendor_9,One-off,Development / Construction,USD,85.87,253.69,0.2147,33.85,Partially,,No,No,Yes
COST_SOL_006,Desert Pearl,Solar PV,UAE,Operating,400,0,0,Low-cost utility solar,COST_SOL_006-C004,Inverters,EPC,Inverters,Vendor_1,One-off,Development / Construction,USD,19.54,253.69,0.0488,7.7,Partially,,No,No,Yes
COST_SOL_006,Desert Pearl,Solar PV,UAE,Operating,400,0,0,Low-cost utility solar,COST_SOL_006-C005,Balance of plant,EPC,Balance of plant,Vendor_2,One-off,Development / Construction,USD,46.12,253.69,0.1153,18.18,Partially,,No,No,Yes
COST_SOL_006,Desert Pearl,Solar PV,UAE,Operating,400,0,0,Low-cost utility solar,COST_SOL_006-C006,BESS equipment,BESS,BESS equipment,Vendor_3,One-off,Development / Construction,USD,0.0,253.69,0.0,0.0,Partially,,No,No,Yes
COST_SOL_006,Desert Pearl,Solar PV,UAE,Operating,400,0,0,Low-cost utility solar,COST_SOL_006-C007,Grid interconnection,Grid,Grid interconnection,Vendor_4,One-off,Development / Construction,USD,23.72,253.69,0.0593,9.35,Partially,,No,No,Yes
COST_SOL_006,Desert Pearl,Solar PV,UAE,Operating,400,0,0,Low-cost utility solar,COST_SOL_006-C008,Civil works,EPC,Civil works,Vendor_5,One-off,Development / Construction,USD,15.11,253.69,0.0378,5.96,Partially,,No,No,Yes
COST_SOL_006,Desert Pearl,Solar PV,UAE,Operating,400,0,0,Low-cost utility solar,COST_SOL_006-C009,Owner's engineer,Advisory,Owner's engineer,Vendor_6,One-off,Development / Construction,USD,3.77,253.69,0.0094,1.49,Yes,,No,No,Yes
COST_SOL_006,Desert Pearl,Solar PV,UAE,Operating,400,0,0,Low-cost utility solar,COST_SOL_006-C010,Technical advisory,Advisory,Technical advisory,Vendor_7,One-off,Development / Construction,USD,2.24,253.69,0.0056,0.88,Yes,,No,No,Yes
COST_SOL_006,Desert Pearl,Solar PV,UAE,Operating,400,0,0,Low-cost utility solar,COST_SOL_006-C011,Construction insurance,Insurance,Construction insurance,Vendor_8,One-off,Development / Construction,USD,4.1,253.69,0.0102,1.62,Partially,,No,No,Yes
COST_SOL_006,Desert Pearl,Solar PV,UAE,Operating,400,0,0,Low-cost utility solar,COST_SOL_006-C012,Legal due diligence,Advisory,Legal due diligence,Vendor_9,One-off,Development / Construction,USD,1.8,253.69,0.0045,0.71,Yes,,No,No,Yes
COST_SOL_006,Desert Pearl,Solar PV,UAE,Operating,400,0,0,Low-cost utility solar,COST_SOL_006-C013,Transaction legal advisory,Advisory,Transaction legal advisory,Vendor_1,One-off,Development / Construction,USD,1.38,253.69,0.0034,0.54,Yes,,No,No,Yes
COST_SOL_006,Desert Pearl,Solar PV,UAE,Operating,400,0,0,Low-cost utility solar,COST_SOL_006-C014,Financing fees,Financing,Financing fees,Vendor_2,One-off,Development / Construction,USD,6.01,253.69,0.015,2.37,Yes,,No,No,Yes
COST_SOL_006,Desert Pearl,Solar PV,UAE,Operating,400,0,0,Low-cost utility solar,COST_SOL_006-C015,EPC contingency,Contingency,EPC contingency,Vendor_3,One-off,Development / Construction,USD,13.99,253.69,0.035,5.51,Yes,,No,No,Yes
COST_SOL_006,Desert Pearl,Solar PV,UAE,Operating,400,0,0,Low-cost utility solar,COST_SOL_006-C016,O&M mobilisation,Operations,O&M mobilisation,Vendor_4,One-off,Development / Construction,USD,4.07,253.69,0.0102,1.6,Partially,,No,No,Yes
COST_SOL_006,Desert Pearl,Solar PV,UAE,Operating,400,0,0,Low-cost utility solar,COST_SOL_006-C017,Corporate/platform overhead,Overhead,Corporate/platform overhead,Vendor_5,One-off,Development / Construction,USD,6.75,253.69,0.0169,2.66,Yes,,No,No,Yes
COST_SOLB_007,Emirates Flex Solar,Solar PV + BESS,UAE,Construction,300,120,240,Mid-cost solar+BESS,COST_SOLB_007-C001,Development & permitting,EPC,Development & permitting,Vendor_8,One-off,Development / Construction,USD,8.42,287.61,0.0281,2.93,Partially,,No,No,Yes
COST_SOLB_007,Emirates Flex Solar,Solar PV + BESS,UAE,Construction,300,120,240,Mid-cost solar+BESS,COST_SOLB_007-C002,Land,EPC,Land,Vendor_9,One-off,Development / Construction,USD,7.43,287.61,0.0248,2.58,Partially,,No,No,Yes
COST_SOLB_007,Emirates Flex Solar,Solar PV + BESS,UAE,Construction,300,120,240,Mid-cost solar+BESS,COST_SOLB_007-C003,PV modules,EPC,PV modules,Vendor_1,One-off,Development / Construction,USD,79.86,287.61,0.2662,27.77,Partially,,No,No,Yes
COST_SOLB_007,Emirates Flex Solar,Solar PV + BESS,UAE,Construction,300,120,240,Mid-cost solar+BESS,COST_SOLB_007-C004,Inverters,EPC,Inverters,Vendor_2,One-off,Development / Construction,USD,19.72,287.61,0.0657,6.86,Partially,,No,No,Yes
COST_SOLB_007,Emirates Flex Solar,Solar PV + BESS,UAE,Construction,300,120,240,Mid-cost solar+BESS,COST_SOLB_007-C005,Balance of plant,EPC,Balance of plant,Vendor_3,One-off,Development / Construction,USD,41.04,287.61,0.1368,14.27,Partially,,No,No,Yes
COST_SOLB_007,Emirates Flex Solar,Solar PV + BESS,UAE,Construction,300,120,240,Mid-cost solar+BESS,COST_SOLB_007-C006,BESS equipment,BESS,BESS equipment,Vendor_4,One-off,Development / Construction,USD,57.6,287.61,0.192,20.03,Partially,,No,No,Yes
COST_SOLB_007,Emirates Flex Solar,Solar PV + BESS,UAE,Construction,300,120,240,Mid-cost solar+BESS,COST_SOLB_007-C007,Grid interconnection,Grid,Grid interconnection,Vendor_5,One-off,Development / Construction,USD,20.66,287.61,0.0689,7.18,Partially,,No,No,Yes
COST_SOLB_007,Emirates Flex Solar,Solar PV + BESS,UAE,Construction,300,120,240,Mid-cost solar+BESS,COST_SOLB_007-C008,Civil works,EPC,Civil works,Vendor_6,One-off,Development / Construction,USD,15.01,287.61,0.05,5.22,Partially,,No,No,Yes
COST_SOLB_007,Emirates Flex Solar,Solar PV + BESS,UAE,Construction,300,120,240,Mid-cost solar+BESS,COST_SOLB_007-C009,Owner's engineer,Advisory,Owner's engineer,Vendor_7,One-off,Development / Construction,USD,3.09,287.61,0.0103,1.07,Yes,,No,No,Yes
COST_SOLB_007,Emirates Flex Solar,Solar PV + BESS,UAE,Construction,300,120,240,Mid-cost solar+BESS,COST_SOLB_007-C010,Technical advisory,Advisory,Technical advisory,Vendor_8,One-off,Development / Construction,USD,1.73,287.61,0.0058,0.6,Yes,,No,No,Yes
COST_SOLB_007,Emirates Flex Solar,Solar PV + BESS,UAE,Construction,300,120,240,Mid-cost solar+BESS,COST_SOLB_007-C011,Construction insurance,Insurance,Construction insurance,Vendor_9,One-off,Development / Construction,USD,3.44,287.61,0.0115,1.2,Partially,,No,No,Yes
COST_SOLB_007,Emirates Flex Solar,Solar PV + BESS,UAE,Construction,300,120,240,Mid-cost solar+BESS,COST_SOLB_007-C012,Legal due diligence,Advisory,Legal due diligence,Vendor_1,One-off,Development / Construction,USD,1.45,287.61,0.0048,0.5,Yes,,No,No,Yes
COST_SOLB_007,Emirates Flex Solar,Solar PV + BESS,UAE,Construction,300,120,240,Mid-cost solar+BESS,COST_SOLB_007-C013,Transaction legal advisory,Advisory,Transaction legal advisory,Vendor_2,One-off,Development / Construction,USD,1.26,287.61,0.0042,0.44,Yes,,No,No,Yes
COST_SOLB_007,Emirates Flex Solar,Solar PV + BESS,UAE,Construction,300,120,240,Mid-cost solar+BESS,COST_SOLB_007-C014,Financing fees,Financing,Financing fees,Vendor_3,One-off,Development / Construction,USD,5.18,287.61,0.0173,1.8,Yes,,No,No,Yes
COST_SOLB_007,Emirates Flex Solar,Solar PV + BESS,UAE,Construction,300,120,240,Mid-cost solar+BESS,COST_SOLB_007-C015,EPC contingency,Contingency,EPC contingency,Vendor_4,One-off,Development / Construction,USD,12.21,287.61,0.0407,4.25,Yes,,No,No,Yes
COST_SOLB_007,Emirates Flex Solar,Solar PV + BESS,UAE,Construction,300,120,240,Mid-cost solar+BESS,COST_SOLB_007-C016,O&M mobilisation,Operations,O&M mobilisation,Vendor_5,One-off,Development / Construction,USD,3.45,287.61,0.0115,1.2,Partially,,No,No,Yes
COST_SOLB_007,Emirates Flex Solar,Solar PV + BESS,UAE,Construction,300,120,240,Mid-cost solar+BESS,COST_SOLB_007-C017,Corporate/platform overhead,Overhead,Corporate/platform overhead,Vendor_6,One-off,Development / Construction,USD,6.06,287.61,0.0202,2.11,Yes,,No,No,Yes
COST_SOL_008,Nile Sun I,Solar PV,Egypt,Operating,200,0,0,Low-cost utility solar,COST_SOL_008-C001,Development & permitting,EPC,Development & permitting,Vendor_9,One-off,Development / Construction,USD,5.13,134.25,0.0256,3.82,Partially,,No,No,Yes
COST_SOL_008,Nile Sun I,Solar PV,Egypt,Operating,200,0,0,Low-cost utility solar,COST_SOL_008-C002,Land,EPC,Land,Vendor_1,One-off,Development / Construction,USD,4.42,134.25,0.0221,3.29,Partially,,No,No,Yes
COST_SOL_008,Nile Sun I,Solar PV,Egypt,Operating,200,0,0,Low-cost utility solar,COST_SOL_008-C003,PV modules,EPC,PV modules,Vendor_2,One-off,Development / Construction,USD,48.26,134.25,0.2413,35.95,Partially,,No,No,Yes
COST_SOL_008,Nile Sun I,Solar PV,Egypt,Operating,200,0,0,Low-cost utility solar,COST_SOL_008-C004,Inverters,EPC,Inverters,Vendor_3,One-off,Development / Construction,USD,11.17,134.25,0.0558,8.32,Partially,,No,No,Yes
COST_SOL_008,Nile Sun I,Solar PV,Egypt,Operating,200,0,0,Low-cost utility solar,COST_SOL_008-C005,Balance of plant,EPC,Balance of plant,Vendor_4,One-off,Development / Construction,USD,21.9,134.25,0.1095,16.31,Partially,,No,No,Yes
COST_SOL_008,Nile Sun I,Solar PV,Egypt,Operating,200,0,0,Low-cost utility solar,COST_SOL_008-C006,BESS equipment,BESS,BESS equipment,Vendor_5,One-off,Development / Construction,USD,0.0,134.25,0.0,0.0,Partially,,No,No,Yes
COST_SOL_008,Nile Sun I,Solar PV,Egypt,Operating,200,0,0,Low-cost utility solar,COST_SOL_008-C007,Grid interconnection,Grid,Grid interconnection,Vendor_6,One-off,Development / Construction,USD,12.76,134.25,0.0638,9.5,Partially,,No,No,Yes
COST_SOL_008,Nile Sun I,Solar PV,Egypt,Operating,200,0,0,Low-cost utility solar,COST_SOL_008-C008,Civil works,EPC,Civil works,Vendor_7,One-off,Development / Construction,USD,8.15,134.25,0.0408,6.07,Partially,,No,No,Yes
COST_SOL_008,Nile Sun I,Solar PV,Egypt,Operating,200,0,0,Low-cost utility solar,COST_SOL_008-C009,Owner's engineer,Advisory,Owner's engineer,Vendor_8,One-off,Development / Construction,USD,1.77,134.25,0.0089,1.32,Yes,,No,No,Yes
COST_SOL_008,Nile Sun I,Solar PV,Egypt,Operating,200,0,0,Low-cost utility solar,COST_SOL_008-C010,Technical advisory,Advisory,Technical advisory,Vendor_9,One-off,Development / Construction,USD,1.02,134.25,0.0051,0.76,Yes,,No,No,Yes
COST_SOL_008,Nile Sun I,Solar PV,Egypt,Operating,200,0,0,Low-cost utility solar,COST_SOL_008-C011,Construction insurance,Insurance,Construction insurance,Vendor_1,One-off,Development / Construction,USD,2.16,134.25,0.0108,1.61,Partially,,No,No,Yes
COST_SOL_008,Nile Sun I,Solar PV,Egypt,Operating,200,0,0,Low-cost utility solar,COST_SOL_008-C012,Legal due diligence,Advisory,Legal due diligence,Vendor_2,One-off,Development / Construction,USD,0.83,134.25,0.0042,0.62,Yes,,No,No,Yes
COST_SOL_008,Nile Sun I,Solar PV,Egypt,Operating,200,0,0,Low-cost utility solar,COST_SOL_008-C013,Transaction legal advisory,Advisory,Transaction legal advisory,Vendor_3,One-off,Development / Construction,USD,0.7,134.25,0.0035,0.52,Yes,,No,No,Yes
COST_SOL_008,Nile Sun I,Solar PV,Egypt,Operating,200,0,0,Low-cost utility solar,COST_SOL_008-C014,Financing fees,Financing,Financing fees,Vendor_4,One-off,Development / Construction,USD,2.8,134.25,0.014,2.09,Yes,,No,No,Yes
COST_SOL_008,Nile Sun I,Solar PV,Egypt,Operating,200,0,0,Low-cost utility solar,COST_SOL_008-C015,EPC contingency,Contingency,EPC contingency,Vendor_5,One-off,Development / Construction,USD,7.55,134.25,0.0377,5.62,Yes,,No,No,Yes
COST_SOL_008,Nile Sun I,Solar PV,Egypt,Operating,200,0,0,Low-cost utility solar,COST_SOL_008-C016,O&M mobilisation,Operations,O&M mobilisation,Vendor_6,One-off,Development / Construction,USD,2.24,134.25,0.0112,1.67,Partially,,No,No,Yes
COST_SOL_008,Nile Sun I,Solar PV,Egypt,Operating,200,0,0,Low-cost utility solar,COST_SOL_008-C017,Corporate/platform overhead,Overhead,Corporate/platform overhead,Vendor_7,One-off,Development / Construction,USD,3.39,134.25,0.0169,2.53,Yes,,No,No,Yes
COST_SOLB_009,Nile Grid Support,Solar PV + BESS,Egypt,Development,220,80,160,High-cost solar+BESS,COST_SOLB_009-C001,Development & permitting,EPC,Development & permitting,Vendor_1,One-off,Development / Construction,USD,7.01,238.88,0.0319,2.93,Partially,,No,No,Yes
COST_SOLB_009,Nile Grid Support,Solar PV + BESS,Egypt,Development,220,80,160,High-cost solar+BESS,COST_SOLB_009-C002,Land,EPC,Land,Vendor_2,One-off,Development / Construction,USD,6.16,238.88,0.028,2.58,Partially,,No,No,Yes
COST_SOLB_009,Nile Grid Support,Solar PV + BESS,Egypt,Development,220,80,160,High-cost solar+BESS,COST_SOLB_009-C003,PV modules,EPC,PV modules,Vendor_3,One-off,Development / Construction,USD,70.57,238.88,0.3208,29.54,Partially,,No,No,Yes
COST_SOLB_009,Nile Grid Support,Solar PV + BESS,Egypt,Development,220,80,160,High-cost solar+BESS,COST_SOLB_009-C004,Inverters,EPC,Inverters,Vendor_4,One-off,Development / Construction,USD,16.5,238.88,0.075,6.91,Partially,,No,No,Yes
COST_SOLB_009,Nile Grid Support,Solar PV + BESS,Egypt,Development,220,80,160,High-cost solar+BESS,COST_SOLB_009-C005,Balance of plant,EPC,Balance of plant,Vendor_5,One-off,Development / Construction,USD,33.92,238.88,0.1542,14.2,Partially,,No,No,Yes
COST_SOLB_009,Nile Grid Support,Solar PV + BESS,Egypt,Development,220,80,160,High-cost solar+BESS,COST_SOLB_009-C006,BESS equipment,BESS,BESS equipment,Vendor_6,One-off,Development / Construction,USD,38.4,238.88,0.1745,16.08,Partially,,No,No,Yes
COST_SOLB_009,Nile Grid Support,Solar PV + BESS,Egypt,Development,220,80,160,High-cost solar+BESS,COST_SOLB_009-C007,Grid interconnection,Grid,Grid interconnection,Vendor_7,One-off,Development / Construction,USD,18.58,238.88,0.0845,7.78,Partially,,No,No,Yes
COST_SOLB_009,Nile Grid Support,Solar PV + BESS,Egypt,Development,220,80,160,High-cost solar+BESS,COST_SOLB_009-C008,Civil works,EPC,Civil works,Vendor_8,One-off,Development / Construction,USD,11.89,238.88,0.054,4.98,Partially,,No,No,Yes
COST_SOLB_009,Nile Grid Support,Solar PV + BESS,Egypt,Development,220,80,160,High-cost solar+BESS,COST_SOLB_009-C009,Owner's engineer,Advisory,Owner's engineer,Vendor_9,One-off,Development / Construction,USD,2.45,238.88,0.0111,1.03,Yes,,No,No,Yes
COST_SOLB_009,Nile Grid Support,Solar PV + BESS,Egypt,Development,220,80,160,High-cost solar+BESS,COST_SOLB_009-C010,Technical advisory,Advisory,Technical advisory,Vendor_1,One-off,Development / Construction,USD,1.62,238.88,0.0074,0.68,Yes,,No,No,Yes
COST_SOLB_009,Nile Grid Support,Solar PV + BESS,Egypt,Development,220,80,160,High-cost solar+BESS,COST_SOLB_009-C011,Construction insurance,Insurance,Construction insurance,Vendor_2,One-off,Development / Construction,USD,3.13,238.88,0.0142,1.31,Partially,,No,No,Yes
COST_SOLB_009,Nile Grid Support,Solar PV + BESS,Egypt,Development,220,80,160,High-cost solar+BESS,COST_SOLB_009-C012,Legal due diligence,Advisory,Legal due diligence,Vendor_3,One-off,Development / Construction,USD,1.36,238.88,0.0062,0.57,Yes,,No,No,Yes
COST_SOLB_009,Nile Grid Support,Solar PV + BESS,Egypt,Development,220,80,160,High-cost solar+BESS,COST_SOLB_009-C013,Transaction legal advisory,Advisory,Transaction legal advisory,Vendor_4,One-off,Development / Construction,USD,1.04,238.88,0.0047,0.44,Yes,,No,No,Yes
COST_SOLB_009,Nile Grid Support,Solar PV + BESS,Egypt,Development,220,80,160,High-cost solar+BESS,COST_SOLB_009-C014,Financing fees,Financing,Financing fees,Vendor_5,One-off,Development / Construction,USD,3.82,238.88,0.0174,1.6,Yes,,No,No,Yes
COST_SOLB_009,Nile Grid Support,Solar PV + BESS,Egypt,Development,220,80,160,High-cost solar+BESS,COST_SOLB_009-C015,EPC contingency,Contingency,EPC contingency,Vendor_6,One-off,Development / Construction,USD,12.61,238.88,0.0573,5.28,Yes,,No,No,Yes
COST_SOLB_009,Nile Grid Support,Solar PV + BESS,Egypt,Development,220,80,160,High-cost solar+BESS,COST_SOLB_009-C016,O&M mobilisation,Operations,O&M mobilisation,Vendor_7,One-off,Development / Construction,USD,2.88,238.88,0.0131,1.21,Partially,,No,No,Yes
COST_SOLB_009,Nile Grid Support,Solar PV + BESS,Egypt,Development,220,80,160,High-cost solar+BESS,COST_SOLB_009-C017,Corporate/platform overhead,Overhead,Corporate/platform overhead,Vendor_8,One-off,Development / Construction,USD,6.94,238.88,0.0315,2.91,Yes,,No,No,Yes
COST_SOL_010,Kalahari Sun,Solar PV,South Africa,Operating,180,0,0,Mid-cost utility solar,COST_SOL_010-C001,Development & permitting,EPC,Development & permitting,Vendor_2,One-off,Development / Construction,USD,5.26,136.63,0.0292,3.85,Partially,,No,No,Yes
COST_SOL_010,Kalahari Sun,Solar PV,South Africa,Operating,180,0,0,Mid-cost utility solar,COST_SOL_010-C002,Land,EPC,Land,Vendor_3,One-off,Development / Construction,USD,4.83,136.63,0.0268,3.54,Partially,,No,No,Yes
COST_SOL_010,Kalahari Sun,Solar PV,South Africa,Operating,180,0,0,Mid-cost utility solar,COST_SOL_010-C003,PV modules,EPC,PV modules,Vendor_4,One-off,Development / Construction,USD,45.38,136.63,0.2521,33.21,Partially,,No,No,Yes
COST_SOL_010,Kalahari Sun,Solar PV,South Africa,Operating,180,0,0,Mid-cost utility solar,COST_SOL_010-C004,Inverters,EPC,Inverters,Vendor_5,One-off,Development / Construction,USD,10.24,136.63,0.0569,7.49,Partially,,No,No,Yes
COST_SOL_010,Kalahari Sun,Solar PV,South Africa,Operating,180,0,0,Mid-cost utility solar,COST_SOL_010-C005,Balance of plant,EPC,Balance of plant,Vendor_6,One-off,Development / Construction,USD,26.29,136.63,0.1461,19.24,Partially,,No,No,Yes
COST_SOL_010,Kalahari Sun,Solar PV,South Africa,Operating,180,0,0,Mid-cost utility solar,COST_SOL_010-C006,BESS equipment,BESS,BESS equipment,Vendor_7,One-off,Development / Construction,USD,0.0,136.63,0.0,0.0,Partially,,No,No,Yes
COST_SOL_010,Kalahari Sun,Solar PV,South Africa,Operating,180,0,0,Mid-cost utility solar,COST_SOL_010-C007,Grid interconnection,Grid,Grid interconnection,Vendor_8,One-off,Development / Construction,USD,13.77,136.63,0.0765,10.08,Partially,,No,No,Yes
COST_SOL_010,Kalahari Sun,Solar PV,South Africa,Operating,180,0,0,Mid-cost utility solar,COST_SOL_010-C008,Civil works,EPC,Civil works,Vendor_9,One-off,Development / Construction,USD,7.71,136.63,0.0428,5.64,Partially,,No,No,Yes
COST_SOL_010,Kalahari Sun,Solar PV,South Africa,Operating,180,0,0,Mid-cost utility solar,COST_SOL_010-C009,Owner's engineer,Advisory,Owner's engineer,Vendor_1,One-off,Development / Construction,USD,1.83,136.63,0.0102,1.34,Yes,,No,No,Yes
COST_SOL_010,Kalahari Sun,Solar PV,South Africa,Operating,180,0,0,Mid-cost utility solar,COST_SOL_010-C010,Technical advisory,Advisory,Technical advisory,Vendor_2,One-off,Development / Construction,USD,1.03,136.63,0.0057,0.75,Yes,,No,No,Yes
COST_SOL_010,Kalahari Sun,Solar PV,South Africa,Operating,180,0,0,Mid-cost utility solar,COST_SOL_010-C011,Construction insurance,Insurance,Construction insurance,Vendor_3,One-off,Development / Construction,USD,2.3,136.63,0.0128,1.68,Partially,,No,No,Yes
COST_SOL_010,Kalahari Sun,Solar PV,South Africa,Operating,180,0,0,Mid-cost utility solar,COST_SOL_010-C012,Legal due diligence,Advisory,Legal due diligence,Vendor_4,One-off,Development / Construction,USD,0.96,136.63,0.0053,0.7,Yes,,No,No,Yes
COST_SOL_010,Kalahari Sun,Solar PV,South Africa,Operating,180,0,0,Mid-cost utility solar,COST_SOL_010-C013,Transaction legal advisory,Advisory,Transaction legal advisory,Vendor_5,One-off,Development / Construction,USD,0.69,136.63,0.0038,0.51,Yes,,No,No,Yes
COST_SOL_010,Kalahari Sun,Solar PV,South Africa,Operating,180,0,0,Mid-cost utility solar,COST_SOL_010-C014,Financing fees,Financing,Financing fees,Vendor_6,One-off,Development / Construction,USD,2.93,136.63,0.0163,2.14,Yes,,No,No,Yes
COST_SOL_010,Kalahari Sun,Solar PV,South Africa,Operating,180,0,0,Mid-cost utility solar,COST_SOL_010-C015,EPC contingency,Contingency,EPC contingency,Vendor_7,One-off,Development / Construction,USD,7.4,136.63,0.0411,5.42,Yes,,No,No,Yes
COST_SOL_010,Kalahari Sun,Solar PV,South Africa,Operating,180,0,0,Mid-cost utility solar,COST_SOL_010-C016,O&M mobilisation,Operations,O&M mobilisation,Vendor_8,One-off,Development / Construction,USD,2.12,136.63,0.0118,1.55,Partially,,No,No,Yes
COST_SOL_010,Kalahari Sun,Solar PV,South Africa,Operating,180,0,0,Mid-cost utility solar,COST_SOL_010-C017,Corporate/platform overhead,Overhead,Corporate/platform overhead,Vendor_9,One-off,Development / Construction,USD,3.89,136.63,0.0216,2.85,Yes,,No,No,Yes
COST_SOLB_011,Cape Flex,Solar PV + BESS,South Africa,Construction,160,60,120,High-cost solar+BESS,COST_SOLB_011-C001,Development & permitting,EPC,Development & permitting,Vendor_3,One-off,Development / Construction,USD,5.03,170.9,0.0314,2.94,Partially,,No,No,Yes
COST_SOLB_011,Cape Flex,Solar PV + BESS,South Africa,Construction,160,60,120,High-cost solar+BESS,COST_SOLB_011-C002,Land,EPC,Land,Vendor_4,One-off,Development / Construction,USD,4.5,170.9,0.0281,2.63,Partially,,No,No,Yes
COST_SOLB_011,Cape Flex,Solar PV + BESS,South Africa,Construction,160,60,120,High-cost solar+BESS,COST_SOLB_011-C003,PV modules,EPC,PV modules,Vendor_5,One-off,Development / Construction,USD,48.45,170.9,0.3028,28.35,Partially,,No,No,Yes
COST_SOLB_011,Cape Flex,Solar PV + BESS,South Africa,Construction,160,60,120,High-cost solar+BESS,COST_SOLB_011-C004,Inverters,EPC,Inverters,Vendor_6,One-off,Development / Construction,USD,11.74,170.9,0.0734,6.87,Partially,,No,No,Yes
COST_SOLB_011,Cape Flex,Solar PV + BESS,South Africa,Construction,160,60,120,High-cost solar+BESS,COST_SOLB_011-C005,Balance of plant,EPC,Balance of plant,Vendor_7,One-off,Development / Construction,USD,24.27,170.9,0.1517,14.2,Partially,,No,No,Yes
COST_SOLB_011,Cape Flex,Solar PV + BESS,South Africa,Construction,160,60,120,High-cost solar+BESS,COST_SOLB_011-C006,BESS equipment,BESS,BESS equipment,Vendor_8,One-off,Development / Construction,USD,28.8,170.9,0.18,16.85,Partially,,No,No,Yes
COST_SOLB_011,Cape Flex,Solar PV + BESS,South Africa,Construction,160,60,120,High-cost solar+BESS,COST_SOLB_011-C007,Grid interconnection,Grid,Grid interconnection,Vendor_9,One-off,Development / Construction,USD,12.82,170.9,0.0801,7.5,Partially,,No,No,Yes
COST_SOLB_011,Cape Flex,Solar PV + BESS,South Africa,Construction,160,60,120,High-cost solar+BESS,COST_SOLB_011-C008,Civil works,EPC,Civil works,Vendor_1,One-off,Development / Construction,USD,9.17,170.9,0.0573,5.37,Partially,,No,No,Yes
COST_SOLB_011,Cape Flex,Solar PV + BESS,South Africa,Construction,160,60,120,High-cost solar+BESS,COST_SOLB_011-C009,Owner's engineer,Advisory,Owner's engineer,Vendor_2,One-off,Development / Construction,USD,1.93,170.9,0.0121,1.13,Yes,,No,No,Yes
COST_SOLB_011,Cape Flex,Solar PV + BESS,South Africa,Construction,160,60,120,High-cost solar+BESS,COST_SOLB_011-C010,Technical advisory,Advisory,Technical advisory,Vendor_3,One-off,Development / Construction,USD,1.12,170.9,0.007,0.66,Yes,,No,No,Yes
COST_SOLB_011,Cape Flex,Solar PV + BESS,South Africa,Construction,160,60,120,High-cost solar+BESS,COST_SOLB_011-C011,Construction insurance,Insurance,Construction insurance,Vendor_4,One-off,Development / Construction,USD,2.27,170.9,0.0142,1.33,Partially,,No,No,Yes
COST_SOLB_011,Cape Flex,Solar PV + BESS,South Africa,Construction,160,60,120,High-cost solar+BESS,COST_SOLB_011-C012,Legal due diligence,Advisory,Legal due diligence,Vendor_5,One-off,Development / Construction,USD,0.89,170.9,0.0056,0.52,Yes,,No,No,Yes
COST_SOLB_011,Cape Flex,Solar PV + BESS,South Africa,Construction,160,60,120,High-cost solar+BESS,COST_SOLB_011-C013,Transaction legal advisory,Advisory,Transaction legal advisory,Vendor_6,One-off,Development / Construction,USD,0.72,170.9,0.0045,0.42,Yes,,No,No,Yes
COST_SOLB_011,Cape Flex,Solar PV + BESS,South Africa,Construction,160,60,120,High-cost solar+BESS,COST_SOLB_011-C014,Financing fees,Financing,Financing fees,Vendor_7,One-off,Development / Construction,USD,2.94,170.9,0.0184,1.72,Yes,,No,No,Yes
COST_SOLB_011,Cape Flex,Solar PV + BESS,South Africa,Construction,160,60,120,High-cost solar+BESS,COST_SOLB_011-C015,EPC contingency,Contingency,EPC contingency,Vendor_8,One-off,Development / Construction,USD,9.57,170.9,0.0598,5.6,Yes,,No,No,Yes
COST_SOLB_011,Cape Flex,Solar PV + BESS,South Africa,Construction,160,60,120,High-cost solar+BESS,COST_SOLB_011-C016,O&M mobilisation,Operations,O&M mobilisation,Vendor_9,One-off,Development / Construction,USD,2.17,170.9,0.0136,1.27,Partially,,No,No,Yes
COST_SOLB_011,Cape Flex,Solar PV + BESS,South Africa,Construction,160,60,120,High-cost solar+BESS,COST_SOLB_011-C017,Corporate/platform overhead,Overhead,Corporate/platform overhead,Vendor_1,One-off,Development / Construction,USD,4.51,170.9,0.0282,2.64,Yes,,No,No,Yes
COST_SOL_012,Mekong Solar,Solar PV,Vietnam,Operating,240,0,0,Mid-cost utility solar,COST_SOL_012-C001,Development & permitting,EPC,Development & permitting,Vendor_4,One-off,Development / Construction,USD,6.16,180.07,0.0257,3.42,Partially,,No,No,Yes
COST_SOL_012,Mekong Solar,Solar PV,Vietnam,Operating,240,0,0,Mid-cost utility solar,COST_SOL_012-C002,Land,EPC,Land,Vendor_5,One-off,Development / Construction,USD,6.25,180.07,0.026,3.47,Partially,,No,No,Yes
COST_SOL_012,Mekong Solar,Solar PV,Vietnam,Operating,240,0,0,Mid-cost utility solar,COST_SOL_012-C003,PV modules,EPC,PV modules,Vendor_6,One-off,Development / Construction,USD,59.72,180.07,0.2488,33.16,Partially,,No,No,Yes
COST_SOL_012,Mekong Solar,Solar PV,Vietnam,Operating,240,0,0,Mid-cost utility solar,COST_SOL_012-C004,Inverters,EPC,Inverters,Vendor_7,One-off,Development / Construction,USD,15.64,180.07,0.0652,8.69,Partially,,No,No,Yes
COST_SOL_012,Mekong Solar,Solar PV,Vietnam,Operating,240,0,0,Mid-cost utility solar,COST_SOL_012-C005,Balance of plant,EPC,Balance of plant,Vendor_8,One-off,Development / Construction,USD,34.95,180.07,0.1456,19.41,Partially,,No,No,Yes
COST_SOL_012,Mekong Solar,Solar PV,Vietnam,Operating,240,0,0,Mid-cost utility solar,COST_SOL_012-C006,BESS equipment,BESS,BESS equipment,Vendor_9,One-off,Development / Construction,USD,0.0,180.07,0.0,0.0,Partially,,No,No,Yes
COST_SOL_012,Mekong Solar,Solar PV,Vietnam,Operating,240,0,0,Mid-cost utility solar,COST_SOL_012-C007,Grid interconnection,Grid,Grid interconnection,Vendor_1,One-off,Development / Construction,USD,15.96,180.07,0.0665,8.86,Partially,,No,No,Yes
COST_SOL_012,Mekong Solar,Solar PV,Vietnam,Operating,240,0,0,Mid-cost utility solar,COST_SOL_012-C008,Civil works,EPC,Civil works,Vendor_2,One-off,Development / Construction,USD,10.55,180.07,0.044,5.86,Partially,,No,No,Yes
COST_SOL_012,Mekong Solar,Solar PV,Vietnam,Operating,240,0,0,Mid-cost utility solar,COST_SOL_012-C009,Owner's engineer,Advisory,Owner's engineer,Vendor_3,One-off,Development / Construction,USD,2.51,180.07,0.0105,1.39,Yes,,No,No,Yes
COST_SOL_012,Mekong Solar,Solar PV,Vietnam,Operating,240,0,0,Mid-cost utility solar,COST_SOL_012-C010,Technical advisory,Advisory,Technical advisory,Vendor_4,One-off,Development / Construction,USD,1.4,180.07,0.0058,0.78,Yes,,No,No,Yes
COST_SOL_012,Mekong Solar,Solar PV,Vietnam,Operating,240,0,0,Mid-cost utility solar,COST_SOL_012-C011,Construction insurance,Insurance,Construction insurance,Vendor_5,One-off,Development / Construction,USD,2.76,180.07,0.0115,1.53,Partially,,No,No,Yes
COST_SOL_012,Mekong Solar,Solar PV,Vietnam,Operating,240,0,0,Mid-cost utility solar,COST_SOL_012-C012,Legal due diligence,Advisory,Legal due diligence,Vendor_6,One-off,Development / Construction,USD,1.31,180.07,0.0055,0.73,Yes,,No,No,Yes
COST_SOL_012,Mekong Solar,Solar PV,Vietnam,Operating,240,0,0,Mid-cost utility solar,COST_SOL_012-C013,Transaction legal advisory,Advisory,Transaction legal advisory,Vendor_7,One-off,Development / Construction,USD,0.99,180.07,0.0041,0.55,Yes,,No,No,Yes
COST_SOL_012,Mekong Solar,Solar PV,Vietnam,Operating,240,0,0,Mid-cost utility solar,COST_SOL_012-C014,Financing fees,Financing,Financing fees,Vendor_8,One-off,Development / Construction,USD,3.9,180.07,0.0163,2.17,Yes,,No,No,Yes
COST_SOL_012,Mekong Solar,Solar PV,Vietnam,Operating,240,0,0,Mid-cost utility solar,COST_SOL_012-C015,EPC contingency,Contingency,EPC contingency,Vendor_9,One-off,Development / Construction,USD,10.24,180.07,0.0427,5.69,Yes,,No,No,Yes
COST_SOL_012,Mekong Solar,Solar PV,Vietnam,Operating,240,0,0,Mid-cost utility solar,COST_SOL_012-C016,O&M mobilisation,Operations,O&M mobilisation,Vendor_1,One-off,Development / Construction,USD,3.08,180.07,0.0128,1.71,Partially,,No,No,Yes
COST_SOL_012,Mekong Solar,Solar PV,Vietnam,Operating,240,0,0,Mid-cost utility solar,COST_SOL_012-C017,Corporate/platform overhead,Overhead,Corporate/platform overhead,Vendor_2,One-off,Development / Construction,USD,4.65,180.07,0.0194,2.58,Yes,,No,No,Yes
COST_FLOAT_013,Mekong Floating I,Floating solar,Vietnam,Development,150,0,0,Floating solar,COST_FLOAT_013-C001,Development & permitting,EPC,Development & permitting,Vendor_5,One-off,Development / Construction,USD,4.85,150.96,0.0323,3.21,Partially,,No,No,Yes
COST_FLOAT_013,Mekong Floating I,Floating solar,Vietnam,Development,150,0,0,Floating solar,COST_FLOAT_013-C002,Land,EPC,Land,Vendor_6,One-off,Development / Construction,USD,4.75,150.96,0.0317,3.15,Partially,,No,No,Yes
COST_FLOAT_013,Mekong Floating I,Floating solar,Vietnam,Development,150,0,0,Floating solar,COST_FLOAT_013-C003,PV modules,EPC,PV modules,Vendor_7,One-off,Development / Construction,USD,48.36,150.96,0.3224,32.03,Partially,,No,No,Yes
COST_FLOAT_013,Mekong Floating I,Floating solar,Vietnam,Development,150,0,0,Floating solar,COST_FLOAT_013-C004,Inverters,EPC,Inverters,Vendor_8,One-off,Development / Construction,USD,11.46,150.96,0.0764,7.59,Partially,,No,No,Yes
COST_FLOAT_013,Mekong Floating I,Floating solar,Vietnam,Development,150,0,0,Floating solar,COST_FLOAT_013-C005,Balance of plant,EPC,Balance of plant,Vendor_9,One-off,Development / Construction,USD,26.87,150.96,0.1791,17.8,Partially,,No,No,Yes
COST_FLOAT_013,Mekong Floating I,Floating solar,Vietnam,Development,150,0,0,Floating solar,COST_FLOAT_013-C006,BESS equipment,BESS,BESS equipment,Vendor_1,One-off,Development / Construction,USD,0.0,150.96,0.0,0.0,Partially,,No,No,Yes
COST_FLOAT_013,Mekong Floating I,Floating solar,Vietnam,Development,150,0,0,Floating solar,COST_FLOAT_013-C007,Grid interconnection,Grid,Grid interconnection,Vendor_2,One-off,Development / Construction,USD,18.65,150.96,0.1243,12.35,Partially,,No,No,Yes
COST_FLOAT_013,Mekong Floating I,Floating solar,Vietnam,Development,150,0,0,Floating solar,COST_FLOAT_013-C008,Civil works,EPC,Civil works,Vendor_3,One-off,Development / Construction,USD,12.57,150.96,0.0838,8.33,Partially,,No,No,Yes
COST_FLOAT_013,Mekong Floating I,Floating solar,Vietnam,Development,150,0,0,Floating solar,COST_FLOAT_013-C009,Owner's engineer,Advisory,Owner's engineer,Vendor_4,One-off,Development / Construction,USD,1.8,150.96,0.012,1.19,Yes,,No,No,Yes
COST_FLOAT_013,Mekong Floating I,Floating solar,Vietnam,Development,150,0,0,Floating solar,COST_FLOAT_013-C010,Technical advisory,Advisory,Technical advisory,Vendor_5,One-off,Development / Construction,USD,1.13,150.96,0.0075,0.75,Yes,,No,No,Yes
COST_FLOAT_013,Mekong Floating I,Floating solar,Vietnam,Development,150,0,0,Floating solar,COST_FLOAT_013-C011,Construction insurance,Insurance,Construction insurance,Vendor_6,One-off,Development / Construction,USD,2.24,150.96,0.0149,1.48,Partially,,No,No,Yes
COST_FLOAT_013,Mekong Floating I,Floating solar,Vietnam,Development,150,0,0,Floating solar,COST_FLOAT_013-C012,Legal due diligence,Advisory,Legal due diligence,Vendor_7,One-off,Development / Construction,USD,1.02,150.96,0.0068,0.68,Yes,,No,No,Yes
COST_FLOAT_013,Mekong Floating I,Floating solar,Vietnam,Development,150,0,0,Floating solar,COST_FLOAT_013-C013,Transaction legal advisory,Advisory,Transaction legal advisory,Vendor_8,One-off,Development / Construction,USD,0.74,150.96,0.0049,0.49,Yes,,No,No,Yes
COST_FLOAT_013,Mekong Floating I,Floating solar,Vietnam,Development,150,0,0,Floating solar,COST_FLOAT_013-C014,Financing fees,Financing,Financing fees,Vendor_9,One-off,Development / Construction,USD,2.92,150.96,0.0195,1.93,Yes,,No,No,Yes
COST_FLOAT_013,Mekong Floating I,Floating solar,Vietnam,Development,150,0,0,Floating solar,COST_FLOAT_013-C015,EPC contingency,Contingency,EPC contingency,Vendor_1,One-off,Development / Construction,USD,7.62,150.96,0.0508,5.05,Yes,,No,No,Yes
COST_FLOAT_013,Mekong Floating I,Floating solar,Vietnam,Development,150,0,0,Floating solar,COST_FLOAT_013-C016,O&M mobilisation,Operations,O&M mobilisation,Vendor_2,One-off,Development / Construction,USD,2.28,150.96,0.0152,1.51,Partially,,No,No,Yes
COST_FLOAT_013,Mekong Floating I,Floating solar,Vietnam,Development,150,0,0,Floating solar,COST_FLOAT_013-C017,Corporate/platform overhead,Overhead,Corporate/platform overhead,Vendor_3,One-off,Development / Construction,USD,3.7,150.96,0.0247,2.45,Yes,,No,No,Yes
COST_FLOAT_014,Lagoon Float,Floating solar,Thailand,Construction,120,0,0,Floating solar,COST_FLOAT_014-C001,Development & permitting,EPC,Development & permitting,Vendor_6,One-off,Development / Construction,USD,3.98,120.04,0.0332,3.32,Partially,,No,No,Yes
COST_FLOAT_014,Lagoon Float,Floating solar,Thailand,Construction,120,0,0,Floating solar,COST_FLOAT_014-C002,Land,EPC,Land,Vendor_7,One-off,Development / Construction,USD,4.1,120.04,0.0342,3.42,Partially,,No,No,Yes
COST_FLOAT_014,Lagoon Float,Floating solar,Thailand,Construction,120,0,0,Floating solar,COST_FLOAT_014-C003,PV modules,EPC,PV modules,Vendor_8,One-off,Development / Construction,USD,38.81,120.04,0.3234,32.33,Partially,,No,No,Yes
COST_FLOAT_014,Lagoon Float,Floating solar,Thailand,Construction,120,0,0,Floating solar,COST_FLOAT_014-C004,Inverters,EPC,Inverters,Vendor_9,One-off,Development / Construction,USD,9.75,120.04,0.0813,8.12,Partially,,No,No,Yes
COST_FLOAT_014,Lagoon Float,Floating solar,Thailand,Construction,120,0,0,Floating solar,COST_FLOAT_014-C005,Balance of plant,EPC,Balance of plant,Vendor_1,One-off,Development / Construction,USD,20.9,120.04,0.1742,17.41,Partially,,No,No,Yes
COST_FLOAT_014,Lagoon Float,Floating solar,Thailand,Construction,120,0,0,Floating solar,COST_FLOAT_014-C006,BESS equipment,BESS,BESS equipment,Vendor_2,One-off,Development / Construction,USD,0.0,120.04,0.0,0.0,Partially,,No,No,Yes
COST_FLOAT_014,Lagoon Float,Floating solar,Thailand,Construction,120,0,0,Floating solar,COST_FLOAT_014-C007,Grid interconnection,Grid,Grid interconnection,Vendor_3,One-off,Development / Construction,USD,13.47,120.04,0.1123,11.22,Partially,,No,No,Yes
COST_FLOAT_014,Lagoon Float,Floating solar,Thailand,Construction,120,0,0,Floating solar,COST_FLOAT_014-C008,Civil works,EPC,Civil works,Vendor_4,One-off,Development / Construction,USD,10.08,120.04,0.084,8.4,Partially,,No,No,Yes
COST_FLOAT_014,Lagoon Float,Floating solar,Thailand,Construction,120,0,0,Floating solar,COST_FLOAT_014-C009,Owner's engineer,Advisory,Owner's engineer,Vendor_5,One-off,Development / Construction,USD,1.62,120.04,0.0135,1.35,Yes,,No,No,Yes
COST_FLOAT_014,Lagoon Float,Floating solar,Thailand,Construction,120,0,0,Floating solar,COST_FLOAT_014-C010,Technical advisory,Advisory,Technical advisory,Vendor_6,One-off,Development / Construction,USD,0.99,120.04,0.0083,0.82,Yes,,No,No,Yes
COST_FLOAT_014,Lagoon Float,Floating solar,Thailand,Construction,120,0,0,Floating solar,COST_FLOAT_014-C011,Construction insurance,Insurance,Construction insurance,Vendor_7,One-off,Development / Construction,USD,1.97,120.04,0.0164,1.64,Partially,,No,No,Yes
COST_FLOAT_014,Lagoon Float,Floating solar,Thailand,Construction,120,0,0,Floating solar,COST_FLOAT_014-C012,Legal due diligence,Advisory,Legal due diligence,Vendor_8,One-off,Development / Construction,USD,0.81,120.04,0.0068,0.67,Yes,,No,No,Yes
COST_FLOAT_014,Lagoon Float,Floating solar,Thailand,Construction,120,0,0,Floating solar,COST_FLOAT_014-C013,Transaction legal advisory,Advisory,Transaction legal advisory,Vendor_9,One-off,Development / Construction,USD,0.58,120.04,0.0048,0.48,Yes,,No,No,Yes
COST_FLOAT_014,Lagoon Float,Floating solar,Thailand,Construction,120,0,0,Floating solar,COST_FLOAT_014-C014,Financing fees,Financing,Financing fees,Vendor_1,One-off,Development / Construction,USD,2.45,120.04,0.0204,2.04,Yes,,No,No,Yes
COST_FLOAT_014,Lagoon Float,Floating solar,Thailand,Construction,120,0,0,Floating solar,COST_FLOAT_014-C015,EPC contingency,Contingency,EPC contingency,Vendor_2,One-off,Development / Construction,USD,5.86,120.04,0.0488,4.88,Yes,,No,No,Yes
COST_FLOAT_014,Lagoon Float,Floating solar,Thailand,Construction,120,0,0,Floating solar,COST_FLOAT_014-C016,O&M mobilisation,Operations,O&M mobilisation,Vendor_3,One-off,Development / Construction,USD,1.81,120.04,0.0151,1.51,Partially,,No,No,Yes
COST_FLOAT_014,Lagoon Float,Floating solar,Thailand,Construction,120,0,0,Floating solar,COST_FLOAT_014-C017,Corporate/platform overhead,Overhead,Corporate/platform overhead,Vendor_4,One-off,Development / Construction,USD,2.86,120.04,0.0238,2.38,Yes,,No,No,Yes
COST_SOLB_015,Andes Hybrid,Solar PV + BESS,Chile,Operating,260,100,200,Mid-cost solar+BESS,COST_SOLB_015-C001,Development & permitting,EPC,Development & permitting,Vendor_7,One-off,Development / Construction,USD,7.09,246.58,0.0273,2.88,Partially,,No,No,Yes
COST_SOLB_015,Andes Hybrid,Solar PV + BESS,Chile,Operating,260,100,200,Mid-cost solar+BESS,COST_SOLB_015-C002,Land,EPC,Land,Vendor_8,One-off,Development / Construction,USD,7.21,246.58,0.0277,2.92,Partially,,No,No,Yes
COST_SOLB_015,Andes Hybrid,Solar PV + BESS,Chile,Operating,260,100,200,Mid-cost solar+BESS,COST_SOLB_015-C003,PV modules,EPC,PV modules,Vendor_9,One-off,Development / Construction,USD,65.72,246.58,0.2528,26.65,Partially,,No,No,Yes
COST_SOLB_015,Andes Hybrid,Solar PV + BESS,Chile,Operating,260,100,200,Mid-cost solar+BESS,COST_SOLB_015-C004,Inverters,EPC,Inverters,Vendor_1,One-off,Development / Construction,USD,16.8,246.58,0.0646,6.81,Partially,,No,No,Yes
COST_SOLB_015,Andes Hybrid,Solar PV + BESS,Chile,Operating,260,100,200,Mid-cost solar+BESS,COST_SOLB_015-C005,Balance of plant,EPC,Balance of plant,Vendor_2,One-off,Development / Construction,USD,35.89,246.58,0.138,14.56,Partially,,No,No,Yes
COST_SOLB_015,Andes Hybrid,Solar PV + BESS,Chile,Operating,260,100,200,Mid-cost solar+BESS,COST_SOLB_015-C006,BESS equipment,BESS,BESS equipment,Vendor_3,One-off,Development / Construction,USD,48.0,246.58,0.1846,19.47,Partially,,No,No,Yes
COST_SOLB_015,Andes Hybrid,Solar PV + BESS,Chile,Operating,260,100,200,Mid-cost solar+BESS,COST_SOLB_015-C007,Grid interconnection,Grid,Grid interconnection,Vendor_4,One-off,Development / Construction,USD,18.52,246.58,0.0712,7.51,Partially,,No,No,Yes
COST_SOLB_015,Andes Hybrid,Solar PV + BESS,Chile,Operating,260,100,200,Mid-cost solar+BESS,COST_SOLB_015-C008,Civil works,EPC,Civil works,Vendor_5,One-off,Development / Construction,USD,12.93,246.58,0.0497,5.24,Partially,,No,No,Yes
COST_SOLB_015,Andes Hybrid,Solar PV + BESS,Chile,Operating,260,100,200,Mid-cost solar+BESS,COST_SOLB_015-C009,Owner's engineer,Advisory,Owner's engineer,Vendor_6,One-off,Development / Construction,USD,2.89,246.58,0.0111,1.17,Yes,,No,No,Yes
COST_SOLB_015,Andes Hybrid,Solar PV + BESS,Chile,Operating,260,100,200,Mid-cost solar+BESS,COST_SOLB_015-C010,Technical advisory,Advisory,Technical advisory,Vendor_7,One-off,Development / Construction,USD,1.62,246.58,0.0062,0.66,Yes,,No,No,Yes
COST_SOLB_015,Andes Hybrid,Solar PV + BESS,Chile,Operating,260,100,200,Mid-cost solar+BESS,COST_SOLB_015-C011,Construction insurance,Insurance,Construction insurance,Vendor_8,One-off,Development / Construction,USD,3.33,246.58,0.0128,1.35,Partially,,No,No,Yes
COST_SOLB_015,Andes Hybrid,Solar PV + BESS,Chile,Operating,260,100,200,Mid-cost solar+BESS,COST_SOLB_015-C012,Legal due diligence,Advisory,Legal due diligence,Vendor_9,One-off,Development / Construction,USD,1.27,246.58,0.0049,0.52,Yes,,No,No,Yes
COST_SOLB_015,Andes Hybrid,Solar PV + BESS,Chile,Operating,260,100,200,Mid-cost solar+BESS,COST_SOLB_015-C013,Transaction legal advisory,Advisory,Transaction legal advisory,Vendor_1,One-off,Development / Construction,USD,1.04,246.58,0.004,0.42,Yes,,No,No,Yes
COST_SOLB_015,Andes Hybrid,Solar PV + BESS,Chile,Operating,260,100,200,Mid-cost solar+BESS,COST_SOLB_015-C014,Financing fees,Financing,Financing fees,Vendor_2,One-off,Development / Construction,USD,4.61,246.58,0.0177,1.87,Yes,,No,No,Yes
COST_SOLB_015,Andes Hybrid,Solar PV + BESS,Chile,Operating,260,100,200,Mid-cost solar+BESS,COST_SOLB_015-C015,EPC contingency,Contingency,EPC contingency,Vendor_3,One-off,Development / Construction,USD,10.85,246.58,0.0417,4.4,Yes,,No,No,Yes
COST_SOLB_015,Andes Hybrid,Solar PV + BESS,Chile,Operating,260,100,200,Mid-cost solar+BESS,COST_SOLB_015-C016,O&M mobilisation,Operations,O&M mobilisation,Vendor_4,One-off,Development / Construction,USD,3.24,246.58,0.0125,1.31,Partially,,No,No,Yes
COST_SOLB_015,Andes Hybrid,Solar PV + BESS,Chile,Operating,260,100,200,Mid-cost solar+BESS,COST_SOLB_015-C017,Corporate/platform overhead,Overhead,Corporate/platform overhead,Vendor_5,One-off,Development / Construction,USD,5.57,246.58,0.0214,2.26,Yes,,No,No,Yes
COST_SOL_016,Atacama Solar,Solar PV,Chile,Operating,350,0,0,Low-cost utility solar,COST_SOL_016-C001,Development & permitting,EPC,Development & permitting,Vendor_8,One-off,Development / Construction,USD,7.73,227.34,0.0221,3.4,Partially,,No,No,Yes
COST_SOL_016,Atacama Solar,Solar PV,Chile,Operating,350,0,0,Low-cost utility solar,COST_SOL_016-C002,Land,EPC,Land,Vendor_9,One-off,Development / Construction,USD,7.8,227.34,0.0223,3.43,Partially,,No,No,Yes
COST_SOL_016,Atacama Solar,Solar PV,Chile,Operating,350,0,0,Low-cost utility solar,COST_SOL_016-C003,PV modules,EPC,PV modules,Vendor_1,One-off,Development / Construction,USD,78.58,227.34,0.2245,34.56,Partially,,No,No,Yes
COST_SOL_016,Atacama Solar,Solar PV,Chile,Operating,350,0,0,Low-cost utility solar,COST_SOL_016-C004,Inverters,EPC,Inverters,Vendor_2,One-off,Development / Construction,USD,19.52,227.34,0.0558,8.59,Partially,,No,No,Yes
COST_SOL_016,Atacama Solar,Solar PV,Chile,Operating,350,0,0,Low-cost utility solar,COST_SOL_016-C005,Balance of plant,EPC,Balance of plant,Vendor_3,One-off,Development / Construction,USD,39.3,227.34,0.1123,17.29,Partially,,No,No,Yes
COST_SOL_016,Atacama Solar,Solar PV,Chile,Operating,350,0,0,Low-cost utility solar,COST_SOL_016-C006,BESS equipment,BESS,BESS equipment,Vendor_4,One-off,Development / Construction,USD,0.0,227.34,0.0,0.0,Partially,,No,No,Yes
COST_SOL_016,Atacama Solar,Solar PV,Chile,Operating,350,0,0,Low-cost utility solar,COST_SOL_016-C007,Grid interconnection,Grid,Grid interconnection,Vendor_5,One-off,Development / Construction,USD,23.15,227.34,0.0661,10.18,Partially,,No,No,Yes
COST_SOL_016,Atacama Solar,Solar PV,Chile,Operating,350,0,0,Low-cost utility solar,COST_SOL_016-C008,Civil works,EPC,Civil works,Vendor_6,One-off,Development / Construction,USD,12.93,227.34,0.0369,5.69,Partially,,No,No,Yes
COST_SOL_016,Atacama Solar,Solar PV,Chile,Operating,350,0,0,Low-cost utility solar,COST_SOL_016-C009,Owner's engineer,Advisory,Owner's engineer,Vendor_7,One-off,Development / Construction,USD,2.93,227.34,0.0084,1.29,Yes,,No,No,Yes
COST_SOL_016,Atacama Solar,Solar PV,Chile,Operating,350,0,0,Low-cost utility solar,COST_SOL_016-C010,Technical advisory,Advisory,Technical advisory,Vendor_8,One-off,Development / Construction,USD,1.88,227.34,0.0054,0.83,Yes,,No,No,Yes
COST_SOL_016,Atacama Solar,Solar PV,Chile,Operating,350,0,0,Low-cost utility solar,COST_SOL_016-C011,Construction insurance,Insurance,Construction insurance,Vendor_9,One-off,Development / Construction,USD,3.8,227.34,0.0109,1.67,Partially,,No,No,Yes
COST_SOL_016,Atacama Solar,Solar PV,Chile,Operating,350,0,0,Low-cost utility solar,COST_SOL_016-C012,Legal due diligence,Advisory,Legal due diligence,Vendor_1,One-off,Development / Construction,USD,1.47,227.34,0.0042,0.65,Yes,,No,No,Yes
COST_SOL_016,Atacama Solar,Solar PV,Chile,Operating,350,0,0,Low-cost utility solar,COST_SOL_016-C013,Transaction legal advisory,Advisory,Transaction legal advisory,Vendor_2,One-off,Development / Construction,USD,1.16,227.34,0.0033,0.51,Yes,,No,No,Yes
COST_SOL_016,Atacama Solar,Solar PV,Chile,Operating,350,0,0,Low-cost utility solar,COST_SOL_016-C014,Financing fees,Financing,Financing fees,Vendor_3,One-off,Development / Construction,USD,5.24,227.34,0.015,2.3,Yes,,No,No,Yes
COST_SOL_016,Atacama Solar,Solar PV,Chile,Operating,350,0,0,Low-cost utility solar,COST_SOL_016-C015,EPC contingency,Contingency,EPC contingency,Vendor_4,One-off,Development / Construction,USD,11.82,227.34,0.0338,5.2,Yes,,No,No,Yes
COST_SOL_016,Atacama Solar,Solar PV,Chile,Operating,350,0,0,Low-cost utility solar,COST_SOL_016-C016,O&M mobilisation,Operations,O&M mobilisation,Vendor_5,One-off,Development / Construction,USD,3.75,227.34,0.0107,1.65,Partially,,No,No,Yes
COST_SOL_016,Atacama Solar,Solar PV,Chile,Operating,350,0,0,Low-cost utility solar,COST_SOL_016-C017,Corporate/platform overhead,Overhead,Corporate/platform overhead,Vendor_6,One-off,Development / Construction,USD,6.28,227.34,0.0179,2.76,Yes,,No,No,Yes
COST_SOLB_017,Atlas Solar Storage,Solar PV + BESS,Morocco,Development,200,80,160,High-cost solar+BESS,COST_SOLB_017-C001,Development & permitting,EPC,Development & permitting,Vendor_9,One-off,Development / Construction,USD,6.29,217.14,0.0314,2.9,Partially,,No,No,Yes
COST_SOLB_017,Atlas Solar Storage,Solar PV + BESS,Morocco,Development,200,80,160,High-cost solar+BESS,COST_SOLB_017-C002,Land,EPC,Land,Vendor_1,One-off,Development / Construction,USD,5.98,217.14,0.0299,2.75,Partially,,No,No,Yes
COST_SOLB_017,Atlas Solar Storage,Solar PV + BESS,Morocco,Development,200,80,160,High-cost solar+BESS,COST_SOLB_017-C003,PV modules,EPC,PV modules,Vendor_2,One-off,Development / Construction,USD,60.4,217.14,0.302,27.82,Partially,,No,No,Yes
COST_SOLB_017,Atlas Solar Storage,Solar PV + BESS,Morocco,Development,200,80,160,High-cost solar+BESS,COST_SOLB_017-C004,Inverters,EPC,Inverters,Vendor_3,One-off,Development / Construction,USD,15.14,217.14,0.0757,6.97,Partially,,No,No,Yes
COST_SOLB_017,Atlas Solar Storage,Solar PV + BESS,Morocco,Development,200,80,160,High-cost solar+BESS,COST_SOLB_017-C005,Balance of plant,EPC,Balance of plant,Vendor_4,One-off,Development / Construction,USD,30.35,217.14,0.1517,13.98,Partially,,No,No,Yes
COST_SOLB_017,Atlas Solar Storage,Solar PV + BESS,Morocco,Development,200,80,160,High-cost solar+BESS,COST_SOLB_017-C006,BESS equipment,BESS,BESS equipment,Vendor_5,One-off,Development / Construction,USD,38.4,217.14,0.192,17.68,Partially,,No,No,Yes
COST_SOLB_017,Atlas Solar Storage,Solar PV + BESS,Morocco,Development,200,80,160,High-cost solar+BESS,COST_SOLB_017-C007,Grid interconnection,Grid,Grid interconnection,Vendor_6,One-off,Development / Construction,USD,17.09,217.14,0.0854,7.87,Partially,,No,No,Yes
COST_SOLB_017,Atlas Solar Storage,Solar PV + BESS,Morocco,Development,200,80,160,High-cost solar+BESS,COST_SOLB_017-C008,Civil works,EPC,Civil works,Vendor_7,One-off,Development / Construction,USD,10.18,217.14,0.0509,4.69,Partially,,No,No,Yes
COST_SOLB_017,Atlas Solar Storage,Solar PV + BESS,Morocco,Development,200,80,160,High-cost solar+BESS,COST_SOLB_017-C009,Owner's engineer,Advisory,Owner's engineer,Vendor_8,One-off,Development / Construction,USD,2.32,217.14,0.0116,1.07,Yes,,No,No,Yes
COST_SOLB_017,Atlas Solar Storage,Solar PV + BESS,Morocco,Development,200,80,160,High-cost solar+BESS,COST_SOLB_017-C010,Technical advisory,Advisory,Technical advisory,Vendor_9,One-off,Development / Construction,USD,1.45,217.14,0.0072,0.67,Yes,,No,No,Yes
COST_SOLB_017,Atlas Solar Storage,Solar PV + BESS,Morocco,Development,200,80,160,High-cost solar+BESS,COST_SOLB_017-C011,Construction insurance,Insurance,Construction insurance,Vendor_1,One-off,Development / Construction,USD,2.74,217.14,0.0137,1.26,Partially,,No,No,Yes
COST_SOLB_017,Atlas Solar Storage,Solar PV + BESS,Morocco,Development,200,80,160,High-cost solar+BESS,COST_SOLB_017-C012,Legal due diligence,Advisory,Legal due diligence,Vendor_2,One-off,Development / Construction,USD,1.15,217.14,0.0057,0.53,Yes,,No,No,Yes
COST_SOLB_017,Atlas Solar Storage,Solar PV + BESS,Morocco,Development,200,80,160,High-cost solar+BESS,COST_SOLB_017-C013,Transaction legal advisory,Advisory,Transaction legal advisory,Vendor_3,One-off,Development / Construction,USD,0.98,217.14,0.0049,0.45,Yes,,No,No,Yes
COST_SOLB_017,Atlas Solar Storage,Solar PV + BESS,Morocco,Development,200,80,160,High-cost solar+BESS,COST_SOLB_017-C014,Financing fees,Financing,Financing fees,Vendor_4,One-off,Development / Construction,USD,3.52,217.14,0.0176,1.62,Yes,,No,No,Yes
COST_SOLB_017,Atlas Solar Storage,Solar PV + BESS,Morocco,Development,200,80,160,High-cost solar+BESS,COST_SOLB_017-C015,EPC contingency,Contingency,EPC contingency,Vendor_5,One-off,Development / Construction,USD,11.72,217.14,0.0586,5.4,Yes,,No,No,Yes
COST_SOLB_017,Atlas Solar Storage,Solar PV + BESS,Morocco,Development,200,80,160,High-cost solar+BESS,COST_SOLB_017-C016,O&M mobilisation,Operations,O&M mobilisation,Vendor_6,One-off,Development / Construction,USD,3.06,217.14,0.0153,1.41,Partially,,No,No,Yes
COST_SOLB_017,Atlas Solar Storage,Solar PV + BESS,Morocco,Development,200,80,160,High-cost solar+BESS,COST_SOLB_017-C017,Corporate/platform overhead,Overhead,Corporate/platform overhead,Vendor_7,One-off,Development / Construction,USD,6.37,217.14,0.0319,2.93,Yes,,No,No,Yes
COST_SOL_018,Jordan Sun,Solar PV,Jordan,Operating,180,0,0,Mid-cost utility solar,COST_SOL_018-C001,Development & permitting,EPC,Development & permitting,Vendor_1,One-off,Development / Construction,USD,4.62,136.39,0.0257,3.39,Partially,,No,No,Yes
COST_SOL_018,Jordan Sun,Solar PV,Jordan,Operating,180,0,0,Mid-cost utility solar,COST_SOL_018-C002,Land,EPC,Land,Vendor_2,One-off,Development / Construction,USD,4.38,136.39,0.0243,3.21,Partially,,No,No,Yes
COST_SOL_018,Jordan Sun,Solar PV,Jordan,Operating,180,0,0,Mid-cost utility solar,COST_SOL_018-C003,PV modules,EPC,PV modules,Vendor_3,One-off,Development / Construction,USD,45.06,136.39,0.2503,33.04,Partially,,No,No,Yes
COST_SOL_018,Jordan Sun,Solar PV,Jordan,Operating,180,0,0,Mid-cost utility solar,COST_SOL_018-C004,Inverters,EPC,Inverters,Vendor_4,One-off,Development / Construction,USD,11.78,136.39,0.0654,8.64,Partially,,No,No,Yes
COST_SOL_018,Jordan Sun,Solar PV,Jordan,Operating,180,0,0,Mid-cost utility solar,COST_SOL_018-C005,Balance of plant,EPC,Balance of plant,Vendor_5,One-off,Development / Construction,USD,26.3,136.39,0.1461,19.28,Partially,,No,No,Yes
COST_SOL_018,Jordan Sun,Solar PV,Jordan,Operating,180,0,0,Mid-cost utility solar,COST_SOL_018-C006,BESS equipment,BESS,BESS equipment,Vendor_6,One-off,Development / Construction,USD,0.0,136.39,0.0,0.0,Partially,,No,No,Yes
COST_SOL_018,Jordan Sun,Solar PV,Jordan,Operating,180,0,0,Mid-cost utility solar,COST_SOL_018-C007,Grid interconnection,Grid,Grid interconnection,Vendor_7,One-off,Development / Construction,USD,13.63,136.39,0.0757,9.99,Partially,,No,No,Yes
COST_SOL_018,Jordan Sun,Solar PV,Jordan,Operating,180,0,0,Mid-cost utility solar,COST_SOL_018-C008,Civil works,EPC,Civil works,Vendor_8,One-off,Development / Construction,USD,8.09,136.39,0.0449,5.93,Partially,,No,No,Yes
COST_SOL_018,Jordan Sun,Solar PV,Jordan,Operating,180,0,0,Mid-cost utility solar,COST_SOL_018-C009,Owner's engineer,Advisory,Owner's engineer,Vendor_9,One-off,Development / Construction,USD,1.74,136.39,0.0097,1.28,Yes,,No,No,Yes
COST_SOL_018,Jordan Sun,Solar PV,Jordan,Operating,180,0,0,Mid-cost utility solar,COST_SOL_018-C010,Technical advisory,Advisory,Technical advisory,Vendor_1,One-off,Development / Construction,USD,1.16,136.39,0.0064,0.85,Yes,,No,No,Yes
COST_SOL_018,Jordan Sun,Solar PV,Jordan,Operating,180,0,0,Mid-cost utility solar,COST_SOL_018-C011,Construction insurance,Insurance,Construction insurance,Vendor_2,One-off,Development / Construction,USD,2.27,136.39,0.0126,1.66,Partially,,No,No,Yes
COST_SOL_018,Jordan Sun,Solar PV,Jordan,Operating,180,0,0,Mid-cost utility solar,COST_SOL_018-C012,Legal due diligence,Advisory,Legal due diligence,Vendor_3,One-off,Development / Construction,USD,0.93,136.39,0.0052,0.68,Yes,,No,No,Yes
COST_SOL_018,Jordan Sun,Solar PV,Jordan,Operating,180,0,0,Mid-cost utility solar,COST_SOL_018-C013,Transaction legal advisory,Advisory,Transaction legal advisory,Vendor_4,One-off,Development / Construction,USD,0.79,136.39,0.0044,0.58,Yes,,No,No,Yes
COST_SOL_018,Jordan Sun,Solar PV,Jordan,Operating,180,0,0,Mid-cost utility solar,COST_SOL_018-C014,Financing fees,Financing,Financing fees,Vendor_5,One-off,Development / Construction,USD,3.01,136.39,0.0167,2.21,Yes,,No,No,Yes
COST_SOL_018,Jordan Sun,Solar PV,Jordan,Operating,180,0,0,Mid-cost utility solar,COST_SOL_018-C015,EPC contingency,Contingency,EPC contingency,Vendor_6,One-off,Development / Construction,USD,6.77,136.39,0.0376,4.96,Yes,,No,No,Yes
COST_SOL_018,Jordan Sun,Solar PV,Jordan,Operating,180,0,0,Mid-cost utility solar,COST_SOL_018-C016,O&M mobilisation,Operations,O&M mobilisation,Vendor_7,One-off,Development / Construction,USD,2.31,136.39,0.0128,1.69,Partially,,No,No,Yes
COST_SOL_018,Jordan Sun,Solar PV,Jordan,Operating,180,0,0,Mid-cost utility solar,COST_SOL_018-C017,Corporate/platform overhead,Overhead,Corporate/platform overhead,Vendor_8,One-off,Development / Construction,USD,3.55,136.39,0.0197,2.6,Yes,,No,No,Yes
COST_SOLB_019,Jordan Flex,Solar PV + BESS,Jordan,Construction,170,70,140,Mid-cost solar+BESS,COST_SOLB_019-C001,Development & permitting,EPC,Development & permitting,Vendor_2,One-off,Development / Construction,USD,4.85,159.31,0.0285,3.04,Partially,,No,No,Yes
COST_SOLB_019,Jordan Flex,Solar PV + BESS,Jordan,Construction,170,70,140,Mid-cost solar+BESS,COST_SOLB_019-C002,Land,EPC,Land,Vendor_3,One-off,Development / Construction,USD,4.68,159.31,0.0275,2.94,Partially,,No,No,Yes
COST_SOLB_019,Jordan Flex,Solar PV + BESS,Jordan,Construction,170,70,140,Mid-cost solar+BESS,COST_SOLB_019-C003,PV modules,EPC,PV modules,Vendor_4,One-off,Development / Construction,USD,42.04,159.31,0.2473,26.39,Partially,,No,No,Yes
COST_SOLB_019,Jordan Flex,Solar PV + BESS,Jordan,Construction,170,70,140,Mid-cost solar+BESS,COST_SOLB_019-C004,Inverters,EPC,Inverters,Vendor_5,One-off,Development / Construction,USD,9.86,159.31,0.058,6.19,Partially,,No,No,Yes
COST_SOLB_019,Jordan Flex,Solar PV + BESS,Jordan,Construction,170,70,140,Mid-cost solar+BESS,COST_SOLB_019-C005,Balance of plant,EPC,Balance of plant,Vendor_6,One-off,Development / Construction,USD,22.15,159.31,0.1303,13.9,Partially,,No,No,Yes
COST_SOLB_019,Jordan Flex,Solar PV + BESS,Jordan,Construction,170,70,140,Mid-cost solar+BESS,COST_SOLB_019-C006,BESS equipment,BESS,BESS equipment,Vendor_7,One-off,Development / Construction,USD,33.6,159.31,0.1976,21.09,Partially,,No,No,Yes
COST_SOLB_019,Jordan Flex,Solar PV + BESS,Jordan,Construction,170,70,140,Mid-cost solar+BESS,COST_SOLB_019-C007,Grid interconnection,Grid,Grid interconnection,Vendor_8,One-off,Development / Construction,USD,12.36,159.31,0.0727,7.76,Partially,,No,No,Yes
COST_SOLB_019,Jordan Flex,Solar PV + BESS,Jordan,Construction,170,70,140,Mid-cost solar+BESS,COST_SOLB_019-C008,Civil works,EPC,Civil works,Vendor_9,One-off,Development / Construction,USD,7.59,159.31,0.0446,4.76,Partially,,No,No,Yes
COST_SOLB_019,Jordan Flex,Solar PV + BESS,Jordan,Construction,170,70,140,Mid-cost solar+BESS,COST_SOLB_019-C009,Owner's engineer,Advisory,Owner's engineer,Vendor_1,One-off,Development / Construction,USD,1.78,159.31,0.0105,1.12,Yes,,No,No,Yes
COST_SOLB_019,Jordan Flex,Solar PV + BESS,Jordan,Construction,170,70,140,Mid-cost solar+BESS,COST_SOLB_019-C010,Technical advisory,Advisory,Technical advisory,Vendor_2,One-off,Development / Construction,USD,1.09,159.31,0.0064,0.68,Yes,,No,No,Yes
COST_SOLB_019,Jordan Flex,Solar PV + BESS,Jordan,Construction,170,70,140,Mid-cost solar+BESS,COST_SOLB_019-C011,Construction insurance,Insurance,Construction insurance,Vendor_3,One-off,Development / Construction,USD,2.0,159.31,0.0118,1.26,Partially,,No,No,Yes
COST_SOLB_019,Jordan Flex,Solar PV + BESS,Jordan,Construction,170,70,140,Mid-cost solar+BESS,COST_SOLB_019-C012,Legal due diligence,Advisory,Legal due diligence,Vendor_4,One-off,Development / Construction,USD,0.89,159.31,0.0052,0.56,Yes,,No,No,Yes
COST_SOLB_019,Jordan Flex,Solar PV + BESS,Jordan,Construction,170,70,140,Mid-cost solar+BESS,COST_SOLB_019-C013,Transaction legal advisory,Advisory,Transaction legal advisory,Vendor_5,One-off,Development / Construction,USD,0.67,159.31,0.0039,0.42,Yes,,No,No,Yes
COST_SOLB_019,Jordan Flex,Solar PV + BESS,Jordan,Construction,170,70,140,Mid-cost solar+BESS,COST_SOLB_019-C014,Financing fees,Financing,Financing fees,Vendor_6,One-off,Development / Construction,USD,2.8,159.31,0.0165,1.76,Yes,,No,No,Yes
COST_SOLB_019,Jordan Flex,Solar PV + BESS,Jordan,Construction,170,70,140,Mid-cost solar+BESS,COST_SOLB_019-C015,EPC contingency,Contingency,EPC contingency,Vendor_7,One-off,Development / Construction,USD,7.46,159.31,0.0439,4.68,Yes,,No,No,Yes
COST_SOLB_019,Jordan Flex,Solar PV + BESS,Jordan,Construction,170,70,140,Mid-cost solar+BESS,COST_SOLB_019-C016,O&M mobilisation,Operations,O&M mobilisation,Vendor_8,One-off,Development / Construction,USD,2.22,159.31,0.0131,1.39,Partially,,No,No,Yes
COST_SOLB_019,Jordan Flex,Solar PV + BESS,Jordan,Construction,170,70,140,Mid-cost solar+BESS,COST_SOLB_019-C017,Corporate/platform overhead,Overhead,Corporate/platform overhead,Vendor_9,One-off,Development / Construction,USD,3.27,159.31,0.0192,2.05,Yes,,No,No,Yes
COST_SOL_020,Deccan Sun II,Solar PV,India,Construction,280,0,0,Low-cost utility solar,COST_SOL_020-C001,Development & permitting,EPC,Development & permitting,Vendor_3,One-off,Development / Construction,USD,6.57,178.98,0.0235,3.67,Partially,,No,No,Yes
COST_SOL_020,Deccan Sun II,Solar PV,India,Construction,280,0,0,Low-cost utility solar,COST_SOL_020-C002,Land,EPC,Land,Vendor_4,One-off,Development / Construction,USD,5.94,178.98,0.0212,3.32,Partially,,No,No,Yes
COST_SOL_020,Deccan Sun II,Solar PV,India,Construction,280,0,0,Low-cost utility solar,COST_SOL_020-C003,PV modules,EPC,PV modules,Vendor_5,One-off,Development / Construction,USD,57.84,178.98,0.2066,32.32,Partially,,No,No,Yes
COST_SOL_020,Deccan Sun II,Solar PV,India,Construction,280,0,0,Low-cost utility solar,COST_SOL_020-C004,Inverters,EPC,Inverters,Vendor_6,One-off,Development / Construction,USD,15.43,178.98,0.0551,8.62,Partially,,No,No,Yes
COST_SOL_020,Deccan Sun II,Solar PV,India,Construction,280,0,0,Low-cost utility solar,COST_SOL_020-C005,Balance of plant,EPC,Balance of plant,Vendor_7,One-off,Development / Construction,USD,33.99,178.98,0.1214,18.99,Partially,,No,No,Yes
COST_SOL_020,Deccan Sun II,Solar PV,India,Construction,280,0,0,Low-cost utility solar,COST_SOL_020-C006,BESS equipment,BESS,BESS equipment,Vendor_8,One-off,Development / Construction,USD,0.0,178.98,0.0,0.0,Partially,,No,No,Yes
COST_SOL_020,Deccan Sun II,Solar PV,India,Construction,280,0,0,Low-cost utility solar,COST_SOL_020-C007,Grid interconnection,Grid,Grid interconnection,Vendor_9,One-off,Development / Construction,USD,16.59,178.98,0.0592,9.27,Partially,,No,No,Yes
COST_SOL_020,Deccan Sun II,Solar PV,India,Construction,280,0,0,Low-cost utility solar,COST_SOL_020-C008,Civil works,EPC,Civil works,Vendor_1,One-off,Development / Construction,USD,11.52,178.98,0.0411,6.44,Partially,,No,No,Yes
COST_SOL_020,Deccan Sun II,Solar PV,India,Construction,280,0,0,Low-cost utility solar,COST_SOL_020-C009,Owner's engineer,Advisory,Owner's engineer,Vendor_2,One-off,Development / Construction,USD,2.48,178.98,0.0089,1.39,Yes,,No,No,Yes
COST_SOL_020,Deccan Sun II,Solar PV,India,Construction,280,0,0,Low-cost utility solar,COST_SOL_020-C010,Technical advisory,Advisory,Technical advisory,Vendor_3,One-off,Development / Construction,USD,1.46,178.98,0.0052,0.82,Yes,,No,No,Yes
COST_SOL_020,Deccan Sun II,Solar PV,India,Construction,280,0,0,Low-cost utility solar,COST_SOL_020-C011,Construction insurance,Insurance,Construction insurance,Vendor_4,One-off,Development / Construction,USD,2.72,178.98,0.0097,1.52,Partially,,No,No,Yes
COST_SOL_020,Deccan Sun II,Solar PV,India,Construction,280,0,0,Low-cost utility solar,COST_SOL_020-C012,Legal due diligence,Advisory,Legal due diligence,Vendor_5,One-off,Development / Construction,USD,1.15,178.98,0.0041,0.64,Yes,,No,No,Yes
COST_SOL_020,Deccan Sun II,Solar PV,India,Construction,280,0,0,Low-cost utility solar,COST_SOL_020-C013,Transaction legal advisory,Advisory,Transaction legal advisory,Vendor_6,One-off,Development / Construction,USD,1.05,178.98,0.0038,0.59,Yes,,No,No,Yes
COST_SOL_020,Deccan Sun II,Solar PV,India,Construction,280,0,0,Low-cost utility solar,COST_SOL_020-C014,Financing fees,Financing,Financing fees,Vendor_7,One-off,Development / Construction,USD,4.2,178.98,0.015,2.35,Yes,,No,No,Yes
COST_SOL_020,Deccan Sun II,Solar PV,India,Construction,280,0,0,Low-cost utility solar,COST_SOL_020-C015,EPC contingency,Contingency,EPC contingency,Vendor_8,One-off,Development / Construction,USD,9.93,178.98,0.0355,5.55,Yes,,No,No,Yes
COST_SOL_020,Deccan Sun II,Solar PV,India,Construction,280,0,0,Low-cost utility solar,COST_SOL_020-C016,O&M mobilisation,Operations,O&M mobilisation,Vendor_9,One-off,Development / Construction,USD,3.12,178.98,0.0111,1.74,Partially,,No,No,Yes
COST_SOL_020,Deccan Sun II,Solar PV,India,Construction,280,0,0,Low-cost utility solar,COST_SOL_020-C017,Corporate/platform overhead,Overhead,Corporate/platform overhead,Vendor_1,One-off,Development / Construction,USD,4.99,178.98,0.0178,2.79,Yes,,No,No,Yes
